title,artist,album,genre,bpm,key,key_numeric,rating,label,duration_sec,bitrate,sample_rate,file_type,file_path
Synergy,Sid Praja,Krystle,,135.0,Unknown,-1,0,,305.78,1411,44100,,Users/suhaas/Music/March 2026 DLs/Sid Praja - Synergy.aiff
Threads,Carrier,5Y,,96.78,11A,22,0,,370.09,1411,44100,,Users/suhaas/Music/March 2026 DLs/Carrier - Threads.aiff
Love Or Lust,D'Monk,Love Or Lust,,131.0,9A,20,0,,463.51,1411,44100,,Users/suhaas/Music/March 2026 DLs/D'Monk - Love Or Lust/1. D'Monk - Love Or Lust.aiff
Love Or Lust (Raw Mix),D'Monk,Love Or Lust,,131.01,2A,13,0,,443.01,1411,44100,,Users/suhaas/Music/March 2026 DLs/D'Monk - Love Or Lust/2. D'Monk - Love Or Lust (Raw Mix).aiff
Power Plant,sweater,Sweat.exe,,127.0,Unknown,-1,0,,423.31,2304,48000,,Users/suhaas/Music/March 2026 DLs/sweater - Sweat.exe/4. sweater - Power Plant.aiff
Serious Music (La Chinesca Mix),sweater,Sweat.exe,,132.0,Unknown,-1,0,,394.55,2304,48000,,Users/suhaas/Music/March 2026 DLs/sweater - Sweat.exe/1. sweater - Serious Music (La Chinesca Mix).aiff
DX Heaven,"sweater, Dj Dre",Sweat.exe,,110.0,Unknown,-1,0,,236.7,2304,48000,,"Users/suhaas/Music/March 2026 DLs/sweater - Sweat.exe/5. sweater, Dj Dre - DX Heaven.aiff"
Feelings Of The Future,sweater,Sweat.exe,,133.0,Unknown,-1,0,,303.16,2304,48000,,Users/suhaas/Music/March 2026 DLs/sweater - Sweat.exe/2. sweater - Feelings Of The Future.aiff
Move That Body,sweater,Sweat.exe,,128.0,Unknown,-1,0,,367.62,2304,48000,,Users/suhaas/Music/March 2026 DLs/sweater - Sweat.exe/3. sweater - Move That Body.aiff
Nice Up,Sub Basics,Never Too Late,Dubwise,87.0,Unknown,-1,0,,343.02,1411,44100,,Users/suhaas/Music/March 2026 DLs/Sub Basics - Never Too Late/08. Sub Basics - Nice Up.aiff
Half Full,Sub Basics,Never Too Late,Dubwise,85.0,Unknown,-1,0,,326.24,1411,44100,,Users/suhaas/Music/March 2026 DLs/Sub Basics - Never Too Late/11. Sub Basics - Half Full.aiff
Theory,Sub Basics,Never Too Late,Dubwise,87.0,12A,23,0,,297.74,1411,44100,,Users/suhaas/Music/March 2026 DLs/Sub Basics - Never Too Late/04. Sub Basics - Theory.aiff
Corners,Sub Basics,Never Too Late,Dubwise,70.0,Unknown,-1,0,,281.68,1411,44100,,Users/suhaas/Music/March 2026 DLs/Sub Basics - Never Too Late/06. Sub Basics - Corners.aiff
There and Gone,"Sub Basics, Geode",Never Too Late,Dubwise,120.0,Unknown,-1,0,,306.92,1411,44100,,"Users/suhaas/Music/March 2026 DLs/Sub Basics - Never Too Late/07. Sub Basics, Geode - There and Gone.aiff"
Passenger,Sub Basics,Never Too Late,Dubwise,120.0,1A,12,0,,197.84,1411,44100,,Users/suhaas/Music/March 2026 DLs/Sub Basics - Never Too Late/03. Sub Basics - Passenger.aiff
Insight,Sub Basics,Never Too Late,Dubwise,115.0,8A,19,0,,209.39,1411,44100,,Users/suhaas/Music/March 2026 DLs/Sub Basics - Never Too Late/13. Sub Basics - Insight.aiff
Stereogram,Sub Basics,Never Too Late,Dubwise,79.0,1A,12,0,,398.86,1411,44100,,Users/suhaas/Music/March 2026 DLs/Sub Basics - Never Too Late/12. Sub Basics - Stereogram.aiff
Nevermind,Sub Basics,Never Too Late,Dubwise,124.0,3A,14,0,,348.14,1411,44100,,Users/suhaas/Music/March 2026 DLs/Sub Basics - Never Too Late/02. Sub Basics - Nevermind.aiff
Later,"Sub Basics, Dr Dr",Never Too Late,Dubwise,124.0,9A,20,0,,314.5,1411,44100,,"Users/suhaas/Music/March 2026 DLs/Sub Basics - Never Too Late/01. Sub Basics, Dr Dr - Later.aiff"
One Step,Sub Basics,Never Too Late,Dubwise,87.0,Unknown,-1,0,,358.57,1411,44100,,Users/suhaas/Music/March 2026 DLs/Sub Basics - Never Too Late/05. Sub Basics - One Step.aiff
Helix,Sub Basics,Never Too Late,Dubwise,70.0,8A,19,0,,257.29,1411,44100,,Users/suhaas/Music/March 2026 DLs/Sub Basics - Never Too Late/10. Sub Basics - Helix.aiff
Fluro Biotica,"Sub Basics, Headland",Never Too Late,Dubwise,71.03,11A,22,0,,256.99,1411,44100,,"Users/suhaas/Music/March 2026 DLs/Sub Basics - Never Too Late/09. Sub Basics, Headland - Fluro Biotica.aiff"
6am Cycles,Yas Reven,Pulse Cycles,,72.0,8A,19,0,,298.83,2116,44100,,Users/suhaas/Music/March 2026 DLs/Yas Reven - Pulse Cycles/4. Yas Reven - 6am Cycles.aiff
6am Cycles (Dj Babatr Remix),Yas Reven,Pulse Cycles,,138.0,8A,19,0,,340.54,2116,44100,,Users/suhaas/Music/March 2026 DLs/Yas Reven - Pulse Cycles/5. Yas Reven - 6am Cycles (Dj Babatr Remix).aiff
2am Cycles,Yas Reven,Pulse Cycles,,132.0,5A,16,0,,259.08,2116,44100,,Users/suhaas/Music/March 2026 DLs/Yas Reven - Pulse Cycles/1. Yas Reven - 2am Cycles.aiff
4am Cycles (Doctor Jeep Remix),Yas Reven,Pulse Cycles,,70.0,11A,22,0,,305.31,2116,44100,,Users/suhaas/Music/March 2026 DLs/Yas Reven - Pulse Cycles/3. Yas Reven - 4am Cycles (Doctor Jeep Remix).aiff
4am Cycles,Yas Reven,Pulse Cycles,,132.0,12B,11,0,,328.06,2116,44100,,Users/suhaas/Music/March 2026 DLs/Yas Reven - Pulse Cycles/2. Yas Reven - 4am Cycles.aiff
Broken News,Andre Zimmer,Swamp Circuit EP,,125.0,11A,22,0,,421.44,2116,44100,,Users/suhaas/Music/March 2026 DLs/Andre Zimmer - Swamp Circuit EP/4. Andre Zimmer - Broken News.aiff
Pushing My Buttons,Andre Zimmer,Swamp Circuit EP,Electro,133.0,Unknown,-1,0,,306.77,2116,44100,,Users/suhaas/Music/March 2026 DLs/Andre Zimmer - Swamp Circuit EP/1. Andre Zimmer - Pushing My Buttons.aiff
Flashing Red,Andre Zimmer,Swamp Circuit EP,Breaks,70.0,8A,19,0,,262.71,2116,44100,,Users/suhaas/Music/March 2026 DLs/Andre Zimmer - Swamp Circuit EP/3. Andre Zimmer - Flashing Red.aiff
Swamp Circuit,Andre Zimmer,Swamp Circuit EP,,134.0,Unknown,-1,0,,349.25,2116,44100,,Users/suhaas/Music/March 2026 DLs/Andre Zimmer - Swamp Circuit EP/2. Andre Zimmer - Swamp Circuit.aiff
All I Do,"Retromigration, Mauricesax",Straight Foxin' LP,,116.0,7A,18,0,,281.53,2116,44100,,"Users/suhaas/Music/March 2026 DLs/Retromigration - Straight Foxin' LP/05. Retromigration, Mauricesax - All I Do.aiff"
Mild Fever,Retromigration,Straight Foxin' LP,,85.0,1A,12,0,,305.12,2116,44100,,Users/suhaas/Music/March 2026 DLs/Retromigration - Straight Foxin' LP/12. Retromigration - Mild Fever.aiff
New Cribs,"Retromigration, Mauricesax, Bezzix",Straight Foxin' LP,,113.99,12A,23,0,,345.3,2116,44100,,"Users/suhaas/Music/March 2026 DLs/Retromigration - Straight Foxin' LP/07. Retromigration, Mauricesax, Bezzix - New Cribs.aiff"
What If,Retromigration,Straight Foxin' LP,,76.0,8A,19,0,,205.77,2116,44100,,Users/suhaas/Music/March 2026 DLs/Retromigration - Straight Foxin' LP/11. Retromigration - What If.aiff
Formant,Retromigration,Straight Foxin' LP,,80.0,3B,2,0,,218.52,2116,44100,,Users/suhaas/Music/March 2026 DLs/Retromigration - Straight Foxin' LP/02. Retromigration - Formant.aiff
Nima,Retromigration,Straight Foxin' LP,,90.0,8A,19,0,,112.06,2116,44100,,Users/suhaas/Music/March 2026 DLs/Retromigration - Straight Foxin' LP/14. Retromigration - Nima.aiff
Bouncer,"Retromigration, Mauricesax",Straight Foxin' LP,,121.0,Unknown,-1,0,,321.97,2116,44100,,"Users/suhaas/Music/March 2026 DLs/Retromigration - Straight Foxin' LP/06. Retromigration, Mauricesax - Bouncer.aiff"
Kush Love,"Retromigration, Passion Deez",Straight Foxin' LP,,76.0,8A,19,0,,227.45,2116,44100,,"Users/suhaas/Music/March 2026 DLs/Retromigration - Straight Foxin' LP/10. Retromigration, Passion Deez - Kush Love.aiff"
Mada,Retromigration,Straight Foxin' LP,,118.0,4A,15,0,,252.33,2116,44100,,Users/suhaas/Music/March 2026 DLs/Retromigration - Straight Foxin' LP/04. Retromigration - Mada.aiff
Jilter,Retromigration,Straight Foxin' LP,,123.0,10B,9,0,,366.96,2116,44100,,Users/suhaas/Music/March 2026 DLs/Retromigration - Straight Foxin' LP/09. Retromigration - Jilter.aiff
Bad Knees,"Retromigration, Nephews",Straight Foxin' LP,,85.0,5A,16,0,,306.32,2116,44100,,"Users/suhaas/Music/March 2026 DLs/Retromigration - Straight Foxin' LP/13. Retromigration, Nephews - Bad Knees.aiff"
Kunta,"Retromigration, Mauricesax",Straight Foxin' LP,,92.01,6B,5,0,,154.98,2116,44100,,"Users/suhaas/Music/March 2026 DLs/Retromigration - Straight Foxin' LP/01. Retromigration, Mauricesax - Kunta.aiff"
Be Someone,"Retromigration, Bezzix, Mauricesax",Straight Foxin' LP,,115.0,5A,16,0,,301.59,2116,44100,,"Users/suhaas/Music/March 2026 DLs/Retromigration - Straight Foxin' LP/03. Retromigration, Bezzix, Mauricesax - Be Someone.aiff"
ITW,"Retromigration, Mauricesax",Straight Foxin' LP,,120.0,7A,18,0,,216.09,2116,44100,,"Users/suhaas/Music/March 2026 DLs/Retromigration - Straight Foxin' LP/08. Retromigration, Mauricesax - ITW.aiff"
Marigold,Pugilist,Maternal,,80.0,9A,20,0,,200.0,2116,44100,,Users/suhaas/Music/March 2026 DLs/Pugilist - Maternal/4. Pugilist - Marigold.aiff
Maternal,Pugilist,Maternal,,130.0,5A,16,0,,483.5,2116,44100,,Users/suhaas/Music/March 2026 DLs/Pugilist - Maternal/1. Pugilist - Maternal.aiff
Anomaly,Pugilist,Maternal,,70.0,6A,17,0,,391.0,2116,44100,,Users/suhaas/Music/March 2026 DLs/Pugilist - Maternal/3. Pugilist - Anomaly.aiff
Bona Fide,"Pugilist, Mystic State",Maternal,,132.0,8A,19,0,,249.52,2116,44100,,"Users/suhaas/Music/March 2026 DLs/Pugilist - Maternal/2. Pugilist, Mystic State - Bona Fide.aiff"
Ipa Ma,"Baalti, Lapgan",Ipa Ma,,125.5,1A,12,0,,231.39,1411,44100,,"Users/suhaas/Music/March 2026 DLs/Baalti - Ipa Ma/1. Baalti, Lapgan - Ipa Ma.aiff"
Lime Tikka,"Baalti, Lapgan",Ipa Ma,,130.0,Unknown,-1,0,,227.76,1411,44100,,"Users/suhaas/Music/March 2026 DLs/Baalti - Ipa Ma/2. Baalti, Lapgan - Lime Tikka.aiff"
Playskool Rave,Will Silver,Voyage EP,Breaks,135.0,Unknown,-1,0,,302.24,1411,44100,,Users/suhaas/Music/March 2026 DLs/Will Silver - Voyage EP/5. Will Silver - Playskool Rave.aiff
In Orbit,Will Silver,Voyage EP,Breaks,138.0,Unknown,-1,0,,244.46,2116,44100,,Users/suhaas/Music/March 2026 DLs/Will Silver - Voyage EP/1. Will Silver - In Orbit.aiff
Wonky Sandals,Will Silver,Voyage EP,Breaks,70.0,Unknown,-1,0,,241.7,2116,44100,,Users/suhaas/Music/March 2026 DLs/Will Silver - Voyage EP/6. Will Silver - Wonky Sandals.aiff
Youthful Dub,Will Silver,Voyage EP,Breaks,131.0,Unknown,-1,0,,235.63,1411,44100,,Users/suhaas/Music/March 2026 DLs/Will Silver - Voyage EP/3. Will Silver - Youthful Dub.aiff
Show Me Your Colours,Will Silver,Voyage EP,Breaks,72.5,Unknown,-1,0,,224.78,2116,44100,,Users/suhaas/Music/March 2026 DLs/Will Silver - Voyage EP/4. Will Silver - Show Me Your Colours.aiff
Falling Theme,Will Silver,Voyage EP,Breaks,136.0,Unknown,-1,0,,257.09,2116,44100,,Users/suhaas/Music/March 2026 DLs/Will Silver - Voyage EP/2. Will Silver - Falling Theme.aiff
No Time for Treading Lightly,Bits & Pieces,The Isolation EP,,132.0,Unknown,-1,0,,195.24,1411,44100,,Users/suhaas/Music/March 2026 DLs/Bits & Pieces - The Isolation EP/4. Bits & Pieces - No Time for Treading Lightly.aiff
Unbridled Ambition,Bits & Pieces,The Isolation EP,,102.0,Unknown,-1,0,,190.72,1411,44100,,Users/suhaas/Music/March 2026 DLs/Bits & Pieces - The Isolation EP/2. Bits & Pieces - Unbridled Ambition.aiff
Reclaiming What Was Ours,Bits & Pieces,The Isolation EP,,139.0,Unknown,-1,0,,166.48,1411,44100,,Users/suhaas/Music/March 2026 DLs/Bits & Pieces - The Isolation EP/3. Bits & Pieces - Reclaiming What Was Ours.aiff
The Long-Awaited Return,Bits & Pieces,The Isolation EP,,117.0,Unknown,-1,0,,158.15,1411,44100,,Users/suhaas/Music/March 2026 DLs/Bits & Pieces - The Isolation EP/1. Bits & Pieces - The Long-Awaited Return.aiff
Obscured Breath,Stones Taro,Foglore#1,Dubby,138.0,Unknown,-1,0,,313.53,1411,44100,,Users/suhaas/Music/March 2026 DLs/Stones Taro - Foglore#1/3. Stones Taro - Obscured Breath.aiff
New Mineral,Stones Taro,Foglore#1,Techno,136.0,6A,17,0,,371.37,1411,44100,,Users/suhaas/Music/March 2026 DLs/Stones Taro - Foglore#1/2. Stones Taro - New Mineral.aiff
Twist Thumb,Stones Taro,Foglore#1,Dubwise,85.0,Unknown,-1,0,,286.54,1411,44100,,Users/suhaas/Music/March 2026 DLs/Stones Taro - Foglore#1/4. Stones Taro - Twist Thumb.aiff
Illegalized Dub,,Foglore#1,,136.0,Unknown,-1,0,,345.37,1411,44100,,Users/suhaas/Music/March 2026 DLs/Stones Taro - Foglore#1/1. Stones Taro - Illegalized Dub.aiff
Lost In The New,DJ Psychiatre,Glad To Be Back,House,127.0,8A,19,0,,321.39,1411,44100,,Users/suhaas/Music/Music/Media.localized/Music/DJ Psychiatre/Glad To Be Back/01 Lost In The New.aiff
Riding Zone,DJ Psychiatre,Glad To Be Back,House,124.0,7A,18,0,,409.05,1411,44100,,Users/suhaas/Music/Music/Media.localized/Music/DJ Psychiatre/Glad To Be Back/02 Riding Zone.aiff
We Make Records,DJ Psychiatre,Glad To Be Back,,123.0,11A,22,0,,406.57,1411,44100,,Users/suhaas/Music/Music/Media.localized/Music/DJ Psychiatre/Glad To Be Back/03 We Make Records.aiff
Power Plant,sweater,Sweat.exe,,127.0,Unknown,-1,0,,423.31,2304,48000,,Users/suhaas/Music/Music/Media.localized/Music/sweater/Sweat.exe/1-04 Power Plant.aiff
Arambha,Marco Borg,"Mystical Fields, Pt. 1",House,128.0,3A,14,0,Aurora Mística Records,400.37,1411,44100,,"Users/suhaas/Music/Music/Media.localized/Music/Various Artists/Mystical Fields, Pt. 1/1-04 Arambha.aiff"
voices #2,DJ LALA,mixes,,0.0,Unknown,-1,0,,3606.49,1411,44100,,Users/suhaas/Music/Music/Media.localized/Music/Unknown Artist/Unknown Album/01 voices #2.wav
,,,,82.44,Unknown,-1,0,,15.0,2116,44100,,Users/suhaas/Music/Music/Media.localized/Music/Unknown Artist/Unknown Album/NEW [15 SECS] VOICES AT NIGHT JINGLE W_ QUBE.wav
,,,,0.0,,-1,0,,0,0,44100,,Users/suhaas/Music/Music/Media.localized/Music/Unknown Artist/Unknown Album/20260207_Suhaas-BBB.mp3
FINAL Voices Mix,DJ LALA,Unknown Album,,0.0,Unknown,-1,0,,3615.8,1411,44100,,Users/suhaas/Music/Music/Media.localized/Music/Unknown Artist/Unknown Album/01 FINAL Voices Mix.wav
Reflection (Extended Mix),AstroHertz,Reflection - EP,Rally House,128.0,4A,15,0,,228.78,1411,44100,,Users/suhaas/Music/Music/Media.localized/Music/AstroHertz/Reflection - EP/04 Reflection (Extended Mix).aiff
It's Foggy Outside,Harrison BDP,ARS001,Deep House,124.0,6A,17,0,Artesian Sounds,598.77,1411,44100,,Users/suhaas/Music/Music/Media.localized/Music/Harrison BDP/ARS001/01 It's Foggy Outside.aiff
Chi Boost,Zenker Brothers,Mad System,Electronic,136.0,Unknown,-1,0,Ilian Tape,367.26,1411,44100,,Users/suhaas/Music/Music/Media.localized/Music/Zenker Brothers/Mad System/1-02 Chi Boost.aiff
Outside,Zenker Brothers,Mad System,,103.55,Unknown,-1,0,Ilian Tape,297.27,1411,44100,,Users/suhaas/Music/Music/Media.localized/Music/Zenker Brothers/Mad System/1-04 Outside.aiff
Heart Shaped Moon,9west,Heart Shaped Moon,Rominimal,122.0,5A,16,0,,348.2,1411,44100,,Users/suhaas/Music/April 2026 DLs/9west - Heart Shaped Moon.aiff
Rascal,Sami,Bright Blue,Rominimal,120.0,8A,19,0,,362.45,1411,44100,,Users/suhaas/Music/April 2026 DLs/Sami - Rascal.aiff
Shuffle Boogie,Alien Nosejob,Stained Glass,,70.99,Unknown,-1,0,,198.01,1411,44100,,Users/suhaas/Music/April 2026 DLs/Alien Nosejob - Shuffle Boogie.aiff
Night,"Benga, Coki",Diary of an Afro Warrior (Expanded Edition),Dubstep,69.99,Unknown,-1,0,,356.68,1411,44100,,"Users/suhaas/Music/April 2026 DLs/Benga, Coki - Night.aiff"
Gypsy Woman (She's Homeless) (La Da Dee La Da Da) (Basement Boy Strip To The Bone Mix),Crystal Waters,Surprise,House,120.0,8A,19,0,,451.83,1411,44100,,Users/suhaas/Music/April 2026 DLs/Crystal Waters - Gypsy Woman (She's Homeless) (La Da Dee La Da Da) (Basement Boy Strip To The Bone Mix).aiff
Music Is Moving,TSVI,Music Is Moving / Kataklisma,Speed Garage,136.0,6A,17,0,,278.84000000000003,2116,44100,,Users/suhaas/Music/April 2026 DLs/TSVI - Music Is Moving.aiff
Inuti (Live Cut),Arkajo,Arkajo 1,Faux House,128.0,9A,20,0,,365.63,1411,44100,,Users/suhaas/Music/April 2026 DLs/Arkajo - Inuti (Live Cut).aiff
Riding The Blade,Erik Luebs,Speicher 136,Dubby Tech,135.0,10B,9,0,,490.84,2116,44100,,Users/suhaas/Music/April 2026 DLs/Erik Luebs - Riding The Blade.aiff
Change,Mala,Mala in Cuba,Dubstep,70.0,4A,15,0,,270.7,1411,44100,,Users/suhaas/Music/April 2026 DLs/Mala - Change.aiff
De Som Vet,Bror Havnes,De Som Vet,World,96.2,6A,17,0,,687.0,1411,44100,,Users/suhaas/Music/April 2026 DLs/Bror Havnes - De Som Vet.aiff
Introduction,Mala,Mala in Cuba,Dubstep,70.0,5B,4,0,,155.36,1411,44100,,Users/suhaas/Music/April 2026 DLs/Mala - Introduction.aiff
Up Too Late,"Carré, Danny Goliger",Up Too Late,,70.0,Unknown,-1,0,,266.53,1411,44100,,"Users/suhaas/Music/April 2026 DLs/Carré, Danny Goliger - Up Too Late.aiff"
Graver,Al Wootton,Body Healthy,Hypnotic,135.0,7B,6,0,,357.33,2116,44100,,Users/suhaas/Music/April 2026 DLs/Al Wootton - Graver.aiff
HOOLIGANG,Joey Valence & Brae,PUNK TACTICS,Halftime,94.99,9A,20,0,,168.0,2116,44100,,Users/suhaas/Music/April 2026 DLs/Joey Valence & Brae - HOOLIGANG.aiff
Abundance,Decoder,Prakasa,Techno,135.0,Unknown,-1,0,,376.0,2116,44100,,Users/suhaas/Music/April 2026 DLs/Decoder - Abundance.aiff
March,Al Wootton,Rhythm Archives,Ambient,136.81,1A,12,0,,217.73,2116,44100,,Users/suhaas/Music/April 2026 DLs/Al Wootton - March.aiff
Twin,Sami,Elevate,Rominimal,135.0,10A,21,0,,334.01,2116,44100,,Users/suhaas/Music/April 2026 DLs/Sami - Twin.aiff
Cyclic Wavez,Piezo,Cyclic Wavez,Mutant Techno,138.0,4A,15,0,,319.5,1411,44100,,Users/suhaas/Music/April 2026 DLs/Piezo - Cyclic Wavez.aiff
Rain,"Breakage, David Rodigan",Together / Rain,Dubstep,70.0,Unknown,-1,0,,338.32,1411,44100,,"Users/suhaas/Music/April 2026 DLs/Breakage, David Rodigan - Rain.aiff"
Splintered Soul Fragments,Polygonia,Splintered Soul Fragments,,126.0,11A,22,0,,331.9,1411,44100,,Users/suhaas/Music/April 2026 DLs/Polygonia - Splintered Soul Fragments.aiff
Mahzooz,Hassan Abou Alam,Insa EP,Bass / Club,72.0,2A,13,0,,225.01,2116,44100,,Users/suhaas/Music/April 2026 DLs/Hassan Abou Alam - Mahzooz.aiff
Inuti,Arkajo,Rymdkollo,,127.01,Unknown,-1,0,,363.5,1411,44100,,Users/suhaas/Music/April 2026 DLs/Arkajo - Inuti.aiff
No More,Retromigration,Can’t Go,Footwork,76.0,4A,15,0,,269.84,1411,44100,,Users/suhaas/Music/April 2026 DLs/Retromigration - Can’t Go/2. Retromigration - No More.aiff
Distant,Retromigration,Can’t Go,Bass / Club,76.0,1A,12,0,,252.8,1411,44100,,Users/suhaas/Music/April 2026 DLs/Retromigration - Can’t Go/3. Retromigration - Distant.aiff
Can't Go,Retromigration,Can’t Go,Footwork,74.99,9A,20,0,,299.0,1411,44100,,Users/suhaas/Music/April 2026 DLs/Retromigration - Can’t Go/1. Retromigration - Can't Go.aiff
Yes,"Breaka, Stones Taro",Mangled,2-Step,138.0,1A,12,0,,237.17000000000002,2116,44100,,"Users/suhaas/Music/April 2026 DLs/Breaka - Mangled/2. Breaka, Stones Taro - Yes.aiff"
Desire Path,Breaka,Mangled,Bass / Club,134.0,4A,15,0,,251.82,2116,44100,,Users/suhaas/Music/April 2026 DLs/Breaka - Mangled/4. Breaka - Desire Path.aiff
Bell Toll Bounce,Breaka,Mangled,Club,133.0,1A,12,0,,318.5,2116,44100,,Users/suhaas/Music/April 2026 DLs/Breaka - Mangled/1. Breaka - Bell Toll Bounce.aiff
Mangled,Breaka,Mangled,Mutant Techno,134.0,4A,15,0,,274.51,2116,44100,,Users/suhaas/Music/April 2026 DLs/Breaka - Mangled/3. Breaka - Mangled.aiff
Berry Baby Cheeto,Breaka,Mangled,Bass,131.0,4A,15,0,,243.09,2116,44100,,Users/suhaas/Music/April 2026 DLs/Breaka - Mangled/5. Breaka - Berry Baby Cheeto.aiff
Senopati Shuffle,Batavia Collective,BTVC,Space Jazz,104.98,6A,17,0,,220.0,1411,44100,,Users/suhaas/Music/April 2026 DLs/Batavia Collective - BTVC/2. Batavia Collective - Senopati Shuffle.aiff
Interchanges,Batavia Collective,BTVC,Downtempo,104.64,5A,16,0,,216.65,1411,44100,,Users/suhaas/Music/April 2026 DLs/Batavia Collective - BTVC/3. Batavia Collective - Interchanges.aiff
Riot On Friday,Batavia Collective,BTVC,Space Jazz,94.98,8A,19,0,,207.35,1411,44100,,Users/suhaas/Music/April 2026 DLs/Batavia Collective - BTVC/4. Batavia Collective - Riot On Friday.aiff
Joni Indo,Batavia Collective,BTVC,Space Jazz,102.03,8A,19,0,,285.5,1411,44100,,Users/suhaas/Music/April 2026 DLs/Batavia Collective - BTVC/1. Batavia Collective - Joni Indo.aiff
Lido,Human Safari,Children Of The Sea,Techno,72.5,10B,9,0,,299.93,2116,44100,,Users/suhaas/Music/April 2026 DLs/Human Safari - Children Of The Sea/4. Human Safari - Lido.aiff
Jazz Affair,Human Safari,Children Of The Sea,Techno,145.0,8A,19,0,,349.17,2116,44100,,Users/suhaas/Music/April 2026 DLs/Human Safari - Children Of The Sea/2. Human Safari - Jazz Affair.aiff
Turbulence At The Orchestra,Human Safari,Children Of The Sea,Techno,72.0,8B,7,0,,285.5,2116,44100,,Users/suhaas/Music/April 2026 DLs/Human Safari - Children Of The Sea/3. Human Safari - Turbulence At The Orchestra.aiff
Children Of The Sea,Human Safari,Children Of The Sea,Techno,72.0,7A,18,0,,343.25,2116,44100,,Users/suhaas/Music/April 2026 DLs/Human Safari - Children Of The Sea/1. Human Safari - Children Of The Sea.aiff
Telling The Time,Stones Taro,Telling The Time,Dubstep,138.0,12A,23,0,,307.63,1411,44100,,Users/suhaas/Music/April 2026 DLs/Stones Taro - Telling The Time/1. Stones Taro - Telling The Time.aiff
Desaturation,Stones Taro,Telling The Time,Dubwise,136.0,5A,16,0,,401.74,1411,44100,,Users/suhaas/Music/April 2026 DLs/Stones Taro - Telling The Time/3. Stones Taro - Desaturation.aiff
Proximity Warning,Stones Taro,Telling The Time,Dub,138.0,Unknown,-1,0,,280.39,1411,44100,,Users/suhaas/Music/April 2026 DLs/Stones Taro - Telling The Time/2. Stones Taro - Proximity Warning.aiff
False Alarm,Stones Taro,Telling The Time,Dubwise,132.0,12A,23,0,,325.13,1411,44100,,Users/suhaas/Music/April 2026 DLs/Stones Taro - Telling The Time/4. Stones Taro - False Alarm.aiff
Automata,Andy Martin,NECH033,,71.0,2A,13,0,,394.90999999999997,1411,44100,,Users/suhaas/Music/April 2026 DLs/Andy Martin - NECH033/3. Andy Martin - Automata.aiff
Triskele,Andy Martin,NECH033,Hypnotic Techno,70.0,7B,6,0,,363.43,1411,44100,,Users/suhaas/Music/April 2026 DLs/Andy Martin - NECH033/2. Andy Martin - Triskele.aiff
TX01,Andy Martin,NECH033,Hypnotic,71.0,9A,20,0,,412.4,1411,44100,,Users/suhaas/Music/April 2026 DLs/Andy Martin - NECH033/1. Andy Martin - TX01.aiff
Transmutation,Andy Martin,NECH033,Hypnotic Techno,70.0,12A,23,0,,466.71,1411,44100,,Users/suhaas/Music/April 2026 DLs/Andy Martin - NECH033/4. Andy Martin - Transmutation.aiff
LET'S GET LOST,"Hyas, Pura Pura, DJ Swisha",NO MORE AFTERPARTIES,Speed Garage,137.0,6A,17,0,,255.53,2304,48000,,"Users/suhaas/Music/April 2026 DLs/Hyas - NO MORE AFTERPARTIES/2. Hyas, Pura Pura, DJ Swisha - LET'S GET LOST.aiff"
WATCH ME,"Hyas, Pura Pura",NO MORE AFTERPARTIES,Speed Garage,70.0,5A,16,0,,217.15,2304,48000,,"Users/suhaas/Music/April 2026 DLs/Hyas - NO MORE AFTERPARTIES/4. Hyas, Pura Pura - WATCH ME.aiff"
SPEAKERS (VIP MIX),"Hyas, Pura Pura",NO MORE AFTERPARTIES,Jersey Club,70.0,4A,15,0,,196.11,2304,48000,,"Users/suhaas/Music/April 2026 DLs/Hyas - NO MORE AFTERPARTIES/5. Hyas, Pura Pura - SPEAKERS (VIP MIX).aiff"
BOOM...BOOM ?,"Hyas, Pura Pura",NO MORE AFTERPARTIES,,75.0,6A,17,0,,234.99,2304,48000,,"Users/suhaas/Music/April 2026 DLs/Hyas - NO MORE AFTERPARTIES/1. Hyas, Pura Pura - BOOM...BOOM.aiff"
WALK OF SHAME,"Hyas, Pura Pura",NO MORE AFTERPARTIES,Hypnotic,136.0,11A,22,0,,224.59,2304,48000,,"Users/suhaas/Music/April 2026 DLs/Hyas - NO MORE AFTERPARTIES/3. Hyas, Pura Pura - WALK OF SHAME.aiff"
CLOSE THE DOOR,"Hyas, Pura Pura",NO MORE AFTERPARTIES,Footwork,84.0,11A,22,0,,209.74,2304,48000,,"Users/suhaas/Music/April 2026 DLs/Hyas - NO MORE AFTERPARTIES/6. Hyas, Pura Pura - CLOSE THE DOOR.aiff"
Move Your Body,"Marshall Jefferson, Solardo",Move Your Body,Classic House,123.0,Unknown,-1,0,Trax Records,196.11,1411,44100,,"Users/suhaas/Music/DLz - 2025/Marshall Jefferson, Solardo/ Move Your Body [119709943] [2019]/01 - Marshall Jefferson - Move Your Body.aiff"
Right Now,LNRT,Right Now,Dance,130.0,Unknown,-1,0,,164.31,1411,44100,,Users/suhaas/Music/DLz - 2025/LNRT/ Right Now [442032081] [2025]/01 - LNRT - Right Now.aiff
Right Now,LNRT,Right Now,,130.0,Unknown,-1,0,,164.31,1312,44100,,Users/suhaas/Music/DLz - 2025/LNRT/ Right Now [442032081] [2025]/01 - LNRT - Right Now.flac
,,,,130.0,Unknown,-1,0,,332.45,1411,44100,,Users/suhaas/Music/DLz - 2025/Papa Nugs/ Move It Or Lose It EP [434392687] [2025]/03 - Papa Nugs - Turn It Down.aiff
,,,,132.0,Unknown,-1,0,,303.77,1411,44100,,Users/suhaas/Music/DLz - 2025/Papa Nugs/ Move It Or Lose It EP [434392687] [2025]/01 - Papa Nugs - Move It Or Lose It.aiff
,,,,70.0,Unknown,-1,0,,360.15,1411,44100,,Users/suhaas/Music/DLz - 2025/Papa Nugs/ Move It Or Lose It EP [434392687] [2025]/02 - Papa Nugs - Back To School.aiff
Run It (Ruff n Ready Mix),Papa Nugs,Move It or Lose It - EP,House,132.0,9A,20,0,,309.25,1411,44100,,Users/suhaas/Music/DLz - 2025/Papa Nugs/ Move It Or Lose It EP [434392687] [2025]/04 - Papa Nugs - Run It (Ruff n Ready Mix).aiff
It's Just (House Of Dupree),Leon Vynehall,Sven Väth in the Mix: The Sound of the 16th Season,,121.26,Unknown,-1,0,Cocoon Recordings,525.5,1411,44100,,Users/suhaas/Music/DLz - 2025/Playlist/GoodHouse/03 - Leon Vynehall - It's Just (House of Dupree).aiff
Another Story,Unknown Artist,,,117.0,Unknown,-1,0,,246.86,1411,44100,,Users/suhaas/Music/DLz - 2025/Playlist/GoodHouse/33 - Galcher Lustwerk - Another Story(Explicit).aiff
No,Unknown Artist,,,125.0,Unknown,-1,0,,255.28,2040,44100,,Users/suhaas/Music/DLz - 2025/Playlist/GoodHouse/04 - Moodymann - No(Explicit).flac
Make Time,Shanti Celeste,Make Time,,135.01,Unknown,-1,0,,515.75,4120,44100,,Users/suhaas/Music/DLz - 2025/Playlist/GoodHouse/07 - Shanti Celeste - Make Time.flac
I Hadn't Known (I only heard) - Bonus Track,Herbert,Around The House (Special Edition),jazz house,123.43,Unknown,-1,0,Accidental Records Ltd,434.68,1411,44100,,Users/suhaas/Music/DLz - 2025/Playlist/GoodHouse/14 - Herbert - I Hadn't Known (I only heard) (Bonus Track).aiff
Thank God I'm A Lizard,Ross from Friends,"Boiler Room: Ross From Friends in London, Oct 23, 2017",,124.0,Unknown,-1,0,,306.12,2448,44100,,Users/suhaas/Music/DLz - 2025/Playlist/GoodHouse/10 - Ross from Friends - Thank God I'm A Lizard.flac
Equation,Palms Trax,Lobster Deep Classics,,124.0,Unknown,-1,0,,469.49,3752,44100,,Users/suhaas/Music/DLz - 2025/Playlist/GoodHouse/05 - Palms Trax - Equation.flac
It's Foggy Outside,Harrison BDP,ARS001,,124.0,Unknown,-1,0,,598.77,4784,44100,,Users/suhaas/Music/DLz - 2025/Playlist/GoodHouse/06 - Harrison BDP - It's Foggy Outside.flac
Liverpool Street In The Rain,Mall Grab,"How The Dogs Chill, Vol.1","breakbeat, electro, electronica, house, lo-fi, techno",130.01,Unknown,-1,0,,332.44,2656,44100,,Users/suhaas/Music/DLz - 2025/Playlist/GoodHouse/09 - Mall Grab - Liverpool Street In The Rain.flac
"Romeo, Romeo",Ross From Friends,The Outsiders,,125.0,Unknown,-1,0,,468.31,3744,44100,,"Users/suhaas/Music/DLz - 2025/Playlist/GoodHouse/08 - Ross from Friends - Romeo, Romeo.flac"
I Hadn't Known (I only heard) (Bonus Track),Herbert,Around The House (Special Edition),jazz house,123.43,Unknown,-1,0,,434.68,3472,44100,,Users/suhaas/Music/DLz - 2025/Playlist/GoodHouse/14 - Herbert - I Hadn't Known (I only heard) (Bonus Track).flac
Decompression,Harrison BDP,Fair,,121.0,Unknown,-1,0,,476.02,3808,44100,,Users/suhaas/Music/DLz - 2025/Playlist/GoodHouse/01 - Harrison BDP - Decompression.flac
It's Just (House of Dupree),Leon Vynehall,Sven Väth in the Mix: The Sound of the 16th Season,,121.26,Unknown,-1,0,,525.5,4200,44100,,Users/suhaas/Music/DLz - 2025/Playlist/GoodHouse/03 - Leon Vynehall - It's Just (House of Dupree).flac
No,Unknown Artist,,,125.0,Unknown,-1,0,,255.28,1411,44100,,Users/suhaas/Music/DLz - 2025/Playlist/GoodHouse/04 - Moodymann - No(Explicit).aiff
Vacuum Boogie,Floating Points,"Eglo Records, Volume 1",,116.0,Unknown,-1,0,,368.87,2944,44100,,Users/suhaas/Music/DLz - 2025/Playlist/GoodHouse/02 - Floating Points - Vacuum Boogie.flac
Another Story,Unknown Artist,,,117.0,Unknown,-1,0,,246.86,1968,44100,,Users/suhaas/Music/DLz - 2025/Playlist/GoodHouse/33 - Galcher Lustwerk - Another Story(Explicit).flac
Music Is the Answer (Original Extended 12-Inch Mix),"Danny Tenaglia, Celeda",Music Is the Answer (Part 2),House,124.8,Unknown,-1,0,Twisted,849.96,1411,44100,,Users/suhaas/Music/DLz - 2025/Playlist/vox bridges - classics - house [5b5269d2-3ab5-44ee-96fb-d50b1faca2c0]/02 - Danny Tenaglia - Music Is the Answer (Original Extended 12-Inch Mix).aiff
Drop the Pressure (club mix),Mylo,Drop the Pressure,House,129.0,Unknown,-1,0,Energy Production,314.95,1411,44100,,Users/suhaas/Music/DLz - 2025/Playlist/vox bridges - classics - house [5b5269d2-3ab5-44ee-96fb-d50b1faca2c0]/06 - Mylo - Drop the Pressure (Club Mix).aiff
Move Your Body,Marshall Jefferson,The Sound of Chicago House 1985 - 2006,,122.33,Unknown,-1,0,Clearwater Music,405.76,1411,44100,,Users/suhaas/Music/DLz - 2025/Playlist/vox bridges - classics - house [5b5269d2-3ab5-44ee-96fb-d50b1faca2c0]/03 - Marshall Jefferson - Move Your Body.aiff
Show Me Love,Robin S.,Massive Dance - Volume 2,House,120.26,Unknown,-1,0,Warlock Records,269.44,1411,44100,,Users/suhaas/Music/DLz - 2025/Playlist/vox bridges - classics - house [5b5269d2-3ab5-44ee-96fb-d50b1faca2c0]/01 - Robin S - Show Me Love.aiff
Jumpin' - Wh0 Remix,"Todd Terry, Wh0, Martha Wash, Jocelyn Brown",Jumpin' (Wh0 Remix),"chicago house, hip house, house",126.0,Unknown,-1,0,InHouse Records,179.17000000000002,1411,44100,,Users/suhaas/Music/DLz - 2025/Playlist/vox bridges - classics - house [5b5269d2-3ab5-44ee-96fb-d50b1faca2c0]/04 - Todd Terry - Jumpin' (Wh0 Remix).aiff
Lady (Hear Me Tonight),Modjo,Retro Dance Masters: 1987–2000 Revisited,House,126.02,3B,2,0,Virgin,307.15,1411,44100,,Users/suhaas/Music/DLz - 2025/Playlist/vox bridges - classics - house [5b5269d2-3ab5-44ee-96fb-d50b1faca2c0]/05 - Modjo - Lady (Hear Me Tonight).aiff
My Way,Jeremy Groove,Groovy Tracks,rally house,126.0,Unknown,-1,0,1331055 Records DK,253.33,1411,44100,,Users/suhaas/Music/DLz - 2025/Playlist/RallyHouse [362b112d-7a20-455c-9f56-cb4507a8f431]/21 - Jeremy Groove - My Way.aiff
,,,,130.0,Unknown,-1,0,,358.18,1411,44100,,Users/suhaas/Music/DLz - 2025/Playlist/RallyHouse [362b112d-7a20-455c-9f56-cb4507a8f431]/27 - J.K. Rollin - Eat My Sh!t(Explicit).aiff
90's Sunshine,PXRKX,Rally House Club - EP,House,125.0,Unknown,-1,0,,238.07999999999998,1411,44100,,Users/suhaas/Music/DLz - 2025/Playlist/RallyHouse [362b112d-7a20-455c-9f56-cb4507a8f431]/16 - PXRKX - 90's Sunshine.aiff
Ecstacy,"Sammy Porter, Mia Silema",Ecstacy,"tech house, house",131.0,Unknown,-1,0,Lovejuice Records,155.06,1411,44100,,Users/suhaas/Music/DLz - 2025/Playlist/RallyHouse [362b112d-7a20-455c-9f56-cb4507a8f431]/11 - Sammy Porter - Ecstacy.aiff
The Morning(Explicit),DJ Houseplants,,,123.0,Unknown,-1,0,,296.34000000000003,1411,44100,,Users/suhaas/Music/DLz - 2025/Playlist/RallyHouse [362b112d-7a20-455c-9f56-cb4507a8f431]/05 - DJ Houseplants - The Morning(Explicit).aiff
Jumpin,II Faces,Fantasia,,132.0,Unknown,-1,0,SYN,167.27,1411,44100,,Users/suhaas/Music/DLz - 2025/Playlist/RallyHouse [362b112d-7a20-455c-9f56-cb4507a8f431]/30 - II Faces - Jumpin.aiff
Reflection (Extended Mix),AstroHertz,Reflection - EP,Rally House,128.0,4A,15,0,,228.78,1411,44100,,Users/suhaas/Music/DLz - 2025/Playlist/RallyHouse [362b112d-7a20-455c-9f56-cb4507a8f431]/41 - AstroHertz - Reflection (Extended Mix).aiff
Runnin' House,prodKuba,Runnin' House - Single,House,125.0,Unknown,-1,0,,140.85,1411,44100,,Users/suhaas/Music/DLz - 2025/Playlist/RallyHouse [362b112d-7a20-455c-9f56-cb4507a8f431]/28 - prodKuba - Runnin' House.aiff
Exit Glitch (Radio Edit),David Fritz,Exit Glitch (Radio Edit),rally house,126.0,8B,7,0,DF Originals Records,147.29,1411,44100,,Users/suhaas/Music/DLz - 2025/Playlist/RallyHouse [362b112d-7a20-455c-9f56-cb4507a8f431]/26 - David Fritz - Exit Glitch (Radio Edit).aiff
Bring It,F'López,Bring It,rally house,125.0,Unknown,-1,0,F'López,245.2,1411,44100,,Users/suhaas/Music/DLz - 2025/Playlist/RallyHouse [362b112d-7a20-455c-9f56-cb4507a8f431]/33 - F'López - Bring It.aiff
Cosmo-Cadillac,Bicycle Ride,Cosmo-Cadillac - Single,Rally House,126.0,Unknown,-1,0,,133.33,1411,44100,,Users/suhaas/Music/DLz - 2025/Playlist/RallyHouse [362b112d-7a20-455c-9f56-cb4507a8f431]/29 - Bicycle Ride - Cosmo-Cadillac.aiff
Like Myself Again,DJ Houseplants,Dancing On Wax: Sophomore Year,lo-fi house,128.0,Unknown,-1,0,Dancing On Wax,299.0,1411,44100,,Users/suhaas/Music/DLz - 2025/Playlist/RallyHouse [362b112d-7a20-455c-9f56-cb4507a8f431]/37 - DJ Houseplants - Like Myself Again.aiff
Dr Feel Right,"Josh Baker, The Egyptian Lover, Rome Fortune",Dr Feel Right (Malugi remix),,127.99,3A,14,0,Three Six Zero Recordings,146.95,1411,44100,,Users/suhaas/Music/DLz - 2025/Playlist/RallyHouse [362b112d-7a20-455c-9f56-cb4507a8f431]/18 - Josh Baker - Dr Feel Right (feat. The Egyptian Lover & Rome Fortune).aiff
Running in Place,"Harvey Sutherland, They Hate Change",Debt,,133.0,Unknown,-1,0,,196.31,1411,44100,,Users/suhaas/Music/DLz - 2025/Playlist/RallyHouse [362b112d-7a20-455c-9f56-cb4507a8f431]/19 - Harvey Sutherland - Running In Place.aiff
On My Level,Lemtom,ATW024,,133.0,Unknown,-1,0,ATW Records,218.34,1411,44100,,Users/suhaas/Music/DLz - 2025/Playlist/RallyHouse [362b112d-7a20-455c-9f56-cb4507a8f431]/38 - Lemtom - On My Level.aiff
Be Real,Kolter,Koltercamp : Best Bits,,125.0,Unknown,-1,0,KOLTERCAMP,453.12,1411,44100,,Users/suhaas/Music/DLz - 2025/Playlist/RallyHouse [362b112d-7a20-455c-9f56-cb4507a8f431]/02 - Kolter - Be Real.aiff
LIKE THAT,Poltergeist,4HAUS,rally house,135.0,Unknown,-1,0,HARDCLIP,136.69,1411,44100,,Users/suhaas/Music/DLz - 2025/Playlist/RallyHouse [362b112d-7a20-455c-9f56-cb4507a8f431]/14 - Poltergeist - LIKE THAT.aiff
,,,,125.0,Unknown,-1,0,,218.88,1411,44100,,Users/suhaas/Music/DLz - 2025/Playlist/RallyHouse [362b112d-7a20-455c-9f56-cb4507a8f431]/34 - PEACEFATHER - M.B.S.aiff
Listen,Half Dead Dave,Values,Electro,127.0,9A,20,0,Aterral,367.15,1411,44100,,Users/suhaas/Music/DLz - 2025/Playlist/RallyHouse [362b112d-7a20-455c-9f56-cb4507a8f431]/06 - Half Dead Dave - Listen.aiff
"Jœl, t'es mon jackpot",Armless Kid,"Copie Blanche, vol. 3 - La beauté - EP",House,125.0,Unknown,-1,0,,387.74,1411,44100,,"Users/suhaas/Music/DLz - 2025/Playlist/RallyHouse [362b112d-7a20-455c-9f56-cb4507a8f431]/20 - Armless Kid - Jœl, t'es mon jackpot.aiff"
Bring The Beat Back,Ive Lovers,UFO Radio Station,uk garage,130.0,5A,16,0,Seven Dials Records,219.69,1411,44100,,Users/suhaas/Music/DLz - 2025/Playlist/RallyHouse [362b112d-7a20-455c-9f56-cb4507a8f431]/04 - Ive Lovers - Bring The Beat Back.aiff
"Marsupilami (Club Nowadays, Vol. 6)",R1D1,"Marsupilami (Club Nowadays, Vol. 6) - Single",Electronic,131.0,Unknown,-1,0,,206.07,1411,44100,,"Users/suhaas/Music/DLz - 2025/Playlist/RallyHouse [362b112d-7a20-455c-9f56-cb4507a8f431]/24 - R1D1 - Marsupilami (Club Nowadays, Vol. 6).aiff"
Powder (Original Mix),Synnhaven,About Time Vol. 1,Dance,119.0,Unknown,-1,0,About Time,213.52,1411,44100,,Users/suhaas/Music/DLz - 2025/Playlist/RallyHouse [362b112d-7a20-455c-9f56-cb4507a8f431]/10 - Synnhaven - Powder.aiff
,,,,130.0,Unknown,-1,0,,179.07999999999998,1411,44100,,Users/suhaas/Music/DLz - 2025/Playlist/RallyHouse [362b112d-7a20-455c-9f56-cb4507a8f431]/07 - LNRT - The Cigarette.aiff
FLIP DAT(Explicit),Poltergeist,,,128.02,Unknown,-1,0,,121.87,1411,44100,,Users/suhaas/Music/DLz - 2025/Playlist/RallyHouse [362b112d-7a20-455c-9f56-cb4507a8f431]/15 - Poltergeist - FLIP DAT(Explicit).aiff
Nang Like This,"Zefer, Kibo, Chesqua",Before It Gets Too Late,UK Garage,129.99,9A,20,0,Steppers Club,206.77,1411,44100,,Users/suhaas/Music/DLz - 2025/Playlist/RallyHouse [362b112d-7a20-455c-9f56-cb4507a8f431]/42 - Zefer - Nang Like This.aiff
reala,emperor bohe,pink sato - EP,House,129.0,Unknown,-1,0,,148.84,1411,44100,,Users/suhaas/Music/DLz - 2025/Playlist/RallyHouse [362b112d-7a20-455c-9f56-cb4507a8f431]/22 - emperor bohe - reala.aiff
Do Ya Baby,"Minista, Zefer",Feel It,UK Garage,129.99,1A,12,0,Satori London,242.0,1411,44100,,Users/suhaas/Music/DLz - 2025/Playlist/RallyHouse [362b112d-7a20-455c-9f56-cb4507a8f431]/43 - Minista - Do Ya Baby.aiff
,,,,129.97,Unknown,-1,0,,245.32,1411,44100,,Users/suhaas/Music/DLz - 2025/Playlist/RallyHouse [362b112d-7a20-455c-9f56-cb4507a8f431]/36 - Miggi - Do Me Right(Explicit).aiff
,,Ebullience 001 - EP,,131.0,Unknown,-1,0,,370.08,1411,44100,,Users/suhaas/Music/DLz - 2025/Playlist/RallyHouse [362b112d-7a20-455c-9f56-cb4507a8f431]/40 - Danny Snowden - It's Not Over.aiff
Future Memory,TORYONTHEBEAT,Future Memory - Single,House,126.0,Unknown,-1,0,,171.53,1411,44100,,Users/suhaas/Music/DLz - 2025/Playlist/RallyHouse [362b112d-7a20-455c-9f56-cb4507a8f431]/32 - Toryonthebeat - Future Memory.aiff
Drinking for Freedom,Siden Astra,Ad Astra,Metal,118.36,5A,16,0,,237.0,1411,44100,,Users/suhaas/Music/DLz - 2025/Playlist/RallyHouse [362b112d-7a20-455c-9f56-cb4507a8f431]/13 - Siden Astra - Drinking for Freedom.aiff
Motion and Peace,Bicycle Ride,Motion and Peace - Single,Rally House,123.0,Unknown,-1,0,,140.49,1411,44100,,Users/suhaas/Music/DLz - 2025/Playlist/RallyHouse [362b112d-7a20-455c-9f56-cb4507a8f431]/23 - Bicycle Ride - Motion and Peace.aiff
Dub Racer,Bicycle Ride,Dub Racer - Single,House,126.0,Unknown,-1,0,,184.76,1411,44100,,Users/suhaas/Music/DLz - 2025/Playlist/RallyHouse [362b112d-7a20-455c-9f56-cb4507a8f431]/39 - Bicycle Ride - Dub Racer.aiff
,,,,126.0,Unknown,-1,0,,340.42,1411,44100,,Users/suhaas/Music/DLz - 2025/Playlist/RallyHouse [362b112d-7a20-455c-9f56-cb4507a8f431]/12 - House of Hits - Did You Do A Gig Last Night.aiff
Can U - Move Your Body,Can U,Move Your Body,"Electro, Dance",136.0,Unknown,-1,0,No Gimmicks,144.71,1411,44100,,Users/suhaas/Music/DLz - 2025/Playlist/RallyHouse [362b112d-7a20-455c-9f56-cb4507a8f431]/25 - Can U - Move Your Body.aiff
New Time,Magic Flowers,New Time,rally house,128.0,Unknown,-1,0,No Gimmicks,183.75,1411,44100,,Users/suhaas/Music/DLz - 2025/Playlist/RallyHouse [362b112d-7a20-455c-9f56-cb4507a8f431]/31 - Magic Flowers - New Time.aiff
Makes Me Feel Alive,Royal Intention,Come On Over,"rally house, house",128.0,Unknown,-1,0,Royal Intention,127.36,1411,44100,,Users/suhaas/Music/DLz - 2025/Playlist/RallyHouse [362b112d-7a20-455c-9f56-cb4507a8f431]/03 - Royal Intention - Makes Me Feel Alive.aiff
Aida (AstroHertz Remix),Jay Dunham,Aida (AstroHertz Remix) - Single,Dance,128.0,8A,19,0,,165.0,1411,44100,,Users/suhaas/Music/DLz - 2025/Playlist/RallyHouse [362b112d-7a20-455c-9f56-cb4507a8f431]/09 - Jay Dunham - Aida (AstroHertz Remix).aiff
El Amor,Hugo Carter,El Amor,lounge,129.0,Unknown,-1,0,Miura Records,245.58,1411,44100,,Users/suhaas/Music/DLz - 2025/Playlist/RallyHouse [362b112d-7a20-455c-9f56-cb4507a8f431]/35 - Hugo Carter - El Amor.aiff
Versatile (Gorgon City Remix),L.P. Rhythm,Versatile (Gorgon City Remix) - Single,Dance,132.0,Unknown,-1,0,,220.38,1411,44100,,Users/suhaas/Music/DLz - 2025/Playlist/RallyHouse [362b112d-7a20-455c-9f56-cb4507a8f431]/17 - L.P. Rhythm - Versatile (Gorgon City Remix).aiff
Installs,Ben Hauke,Nightwork EP,,103.0,6A,17,0,YAM Records,188.17,1411,44100,,Users/suhaas/Music/DLz - 2025/Playlist/downtempo [b3a4b562-bb6b-40db-ba27-5176dbe15e41]/08 - Ben Hauke - Installs.aiff
Emotional Healer (Back Room Mix),Space Ghost,Dance Planet,"ambient, breakbeat, breaks, deep house, electronic, funk, garage house",107.0,1A,12,0,Tartelet Records,293.83,1411,44100,,Users/suhaas/Music/DLz - 2025/Playlist/downtempo [b3a4b562-bb6b-40db-ba27-5176dbe15e41]/10 - Space Ghost - Emotional Healer (Back Room Mix).aiff
Get Back To You Soon,D. Tiffany,Blue Dream,,115.5,2B,1,0,Pacific Rhythm,366.04,1411,44100,,Users/suhaas/Music/DLz - 2025/Playlist/downtempo [b3a4b562-bb6b-40db-ba27-5176dbe15e41]/03 - D. Tiffany - Get Back To You Soon.aiff
Deep (7″ mix),Space Ghost,Cafe Del Mar Ibiza Chill Mix I,"chillout, downtempo, electronic, lounge",100.0,6A,17,0,Café del Mar Music,230.4,1411,44100,,Users/suhaas/Music/DLz - 2025/Playlist/downtempo [b3a4b562-bb6b-40db-ba27-5176dbe15e41]/01 - Space Ghost - Deep (7- Mix).aiff
House in the Hills,Session Victim,House in the Hills,,116.0,2A,13,0,Toy Tonics,267.7,1411,44100,,Users/suhaas/Music/DLz - 2025/Playlist/downtempo [b3a4b562-bb6b-40db-ba27-5176dbe15e41]/06 - Session Victim - House in the Hills.aiff
,Fred P,The Incredible Adventures Of Captain P,,93.97,1A,12,0,,290.13,1411,44100,,Users/suhaas/Music/DLz - 2025/Playlist/downtempo [b3a4b562-bb6b-40db-ba27-5176dbe15e41]/02 - Fred P - What It Is - Music.aiff
The Time Is Right,I Gemin,The Time Is Right - EP,House,97.0,8A,19,0,,210.31,1411,44100,,Users/suhaas/Music/DLz - 2025/Playlist/downtempo [b3a4b562-bb6b-40db-ba27-5176dbe15e41]/09 - I Gemin - The Time Is Right.aiff
Café Iguana,Research Club,SHOUTS: 5 Years of Rhythm Section INTL,,106.0,5A,16,0,Rhythm Section International,333.18,1411,44100,,Users/suhaas/Music/DLz - 2025/Playlist/downtempo [b3a4b562-bb6b-40db-ba27-5176dbe15e41]/05 - Research Club - Café Iguana.aiff
,K LONE,Banoffee Pies Digi 05,House,118.0,6A,17,0,,446.19,1411,44100,,Users/suhaas/Music/DLz - 2025/Playlist/downtempo [b3a4b562-bb6b-40db-ba27-5176dbe15e41]/07 - K LONE - Clouds.aiff
Into the 90's,Photek,Early Hours,,89.92,1A,12,0,Apple Music,321.93,1411,44100,,Users/suhaas/Music/DLz - 2025/Playlist/downtempo [b3a4b562-bb6b-40db-ba27-5176dbe15e41]/11 - Photek - Into the 90's.aiff
See Me Ride,Jesse Futerman,My Favourite Merchant EP,,105.0,3A,14,0,Church,236.07,1411,44100,,Users/suhaas/Music/DLz - 2025/Playlist/downtempo [b3a4b562-bb6b-40db-ba27-5176dbe15e41]/04 - Jesse Futerman - See Me Ride.aiff
Holiday,Dukwa,Holiday,Dance,129.0,Unknown,-1,0,,202.29,1616,44100,,Users/suhaas/Music/DLz - 2025/Playlist/+aha/06 - Dukwa - Holiday.flac
Black Moon Voyage,Gerd,Planet F.M.D.X. pt. 2,"electronic, house",125.0,Unknown,-1,0,Royal Oak,434.4,1411,44100,,Users/suhaas/Music/DLz - 2025/Playlist/+aha/02 - Gerd - Black Moon Voyage.aiff
3 Way,Head Nodding Society,The Trio EP,,124.01,Unknown,-1,0,Paper Recordings,421.01,1411,44100,,Users/suhaas/Music/DLz - 2025/Playlist/+aha/04 - Head Nodding Society - 3 Way (Original Mix).aiff
Fly on the Wall,Zefer,Fly on the Wall - Single,Dance,130.0,Unknown,-1,0,,299.2,1411,44100,,Users/suhaas/Music/DLz - 2025/Playlist/+aha/08 - Zefer - Fly On The Wall.aiff
in da morning/shaka,"Last Nubian, Sweet Fruity Brunch",in da morning/shaka,Electronic,127.0,Unknown,-1,0,,288.0,2304,44100,,Users/suhaas/Music/DLz - 2025/Playlist/+aha/07 - Last Nubian - in da morning-shaka.flac
Thoughts,"Dukwa, Mar G",Shattered in a Thousand Pieces,,128.0,Unknown,-1,0,Numbers.,362.5,1411,44100,,Users/suhaas/Music/DLz - 2025/Playlist/+aha/03 - Dukwa - Thoughts.aiff
Nobody Else,Dukwa,Nobody Else - EP,Dance,130.0,Unknown,-1,0,,218.77,1411,44100,,Users/suhaas/Music/DLz - 2025/Playlist/+aha/05 - Dukwa - Nobody Else.aiff
Like I Said,Art Alfie,The Bo Allan EP,electronic house,124.0,Unknown,-1,0,Toy Tonics,356.15999999999997,2848,44100,,Users/suhaas/Music/DLz - 2025/Playlist/+aha/01 - Art Alfie - Like I Said.flac
in da morning/shaka (feat. Achanté),"Last Nubian, Sweet Fruity Brunch",Babylon Shuffle,,127.0,Unknown,-1,0,Touching Bass,288.0,1411,44100,,Users/suhaas/Music/DLz - 2025/Playlist/+aha/07 - Last Nubian - in da morning-shaka.aiff
Nobody Else,Dukwa,Nobody Else,Dance Disco,130.0,Unknown,-1,0,Future Disco,218.77,1744,44100,,Users/suhaas/Music/DLz - 2025/Playlist/+aha/05 - Dukwa - Nobody Else.flac
Like I Said,Art Alfie,The Bo Allan EP,"electronic, house, Funk",124.0,Unknown,-1,0,Toy Tonics,356.15999999999997,1411,44100,,Users/suhaas/Music/DLz - 2025/Playlist/+aha/01 - Art Alfie - Like I Said.aiff
Thoughts,"Dukwa, Mar G",Shattered In A Thousand Pieces,,128.0,Unknown,-1,0,Numbers.,362.5,2896,44100,,Users/suhaas/Music/DLz - 2025/Playlist/+aha/03 - Dukwa - Thoughts.flac
,,,,129.0,Unknown,-1,0,,202.29,1411,44100,,Users/suhaas/Music/DLz - 2025/Playlist/+aha/06 - Dukwa - Holiday.aiff
3 Way (Original Mix),Head Nodding Society,Trio,,124.01,Unknown,-1,0,Paper Recordings,421.01,3368,44100,,Users/suhaas/Music/DLz - 2025/Playlist/+aha/04 - Head Nodding Society - 3 Way (Original Mix).flac
Fly On The Wall,Zefer,Fly On The Wall,Alternative Indie Rock Dance,130.0,Unknown,-1,0,Zefer,299.2,2392,44100,,Users/suhaas/Music/DLz - 2025/Playlist/+aha/08 - Zefer - Fly On The Wall.flac
Black Moon Voyage,Gerd,Planet F.M.D.X. Pt. 2,electronic house,125.0,Unknown,-1,0,Royal Oak,434.4,3472,44100,,Users/suhaas/Music/DLz - 2025/Playlist/+aha/02 - Gerd - Black Moon Voyage.flac
Crazy Heart,"Bahramji, Maneesh de Moor",Call of the Mystic,,108.0,Unknown,-1,0,Nascente,430.45,1411,44100,,Users/suhaas/Music/DLz - 2025/Playlist/G3 [73cf5d00-8140-4994-b992-f14a9a8d9d46]/09 - Bahramji - Crazy Heart.aiff
Gavati,Suns of Arqa feat. Wadada,Total Eclipse Of The Suns,Ambient,109.87,Unknown,-1,0,Interchill Records,678.4,320,44100,,Users/suhaas/Music/DLz - 2025/Playlist/G3 [73cf5d00-8140-4994-b992-f14a9a8d9d46]/03-suns_of_arqa_feat_wadada--gavati-53cdbaaf.mp3
Reggae Raga,Dub Syndicate,Classic Selection Volume 2,,77.18,Unknown,-1,0,On-U Sound,217.53,1411,44100,,Users/suhaas/Music/DLz - 2025/Playlist/G3 [73cf5d00-8140-4994-b992-f14a9a8d9d46]/07 - Dub Syndicate - Reggae Raga.aiff
Unafraid,indigenous resistance,IR49 Language Of The Free:Sparks For Dub Fires,,129.9,Unknown,-1,0,Apple Music,224.05,320,44100,,Users/suhaas/Music/DLz - 2025/Playlist/G3 [73cf5d00-8140-4994-b992-f14a9a8d9d46]/indigenous resistance - IR49 Language Of The Free-Sparks For Dub Fires - 04 Unafraid.mp3
About God,"Bahramji, Mashti",Divaneh,,80.0,Unknown,-1,0,Space Tepee Music,392.0,1411,44100,,Users/suhaas/Music/DLz - 2025/Playlist/G3 [73cf5d00-8140-4994-b992-f14a9a8d9d46]/08 - Bahramji - About God.aiff
Two Thousand and Seventeen,Four Tet,New Energy,,75.46,Unknown,-1,0,Virgin EMI Records,252.26,1411,44100,,Users/suhaas/Music/DLz - 2025/Playlist/G3 [73cf5d00-8140-4994-b992-f14a9a8d9d46]/02 - Four Tet - Two Thousand and Seventeen.aiff
Quantum Dub,Frenk Dublin,Quantum Dubz,,122.0,Unknown,-1,0,Moonshine Recordings,326.3,1411,44100,,Users/suhaas/Music/DLz - 2025/Playlist/G3 [73cf5d00-8140-4994-b992-f14a9a8d9d46]/06 - Frenk Dublin - Quantum Dub.aiff
Still Dreaming,Arushi Jain,Delight,,70.16,Unknown,-1,0,Leaving Records,267.18,1411,44100,,Users/suhaas/Music/DLz - 2025/Playlist/G3 [73cf5d00-8140-4994-b992-f14a9a8d9d46]/05 - Arushi Jain - Still Dreaming.aiff
Fragile,Mikkel Rev,Journey Beyond,,0.0,Unknown,-1,0,A Strangely Isolated Place,407.31,1411,44100,,Users/suhaas/Music/DLz - 2025/Playlist/G3 [73cf5d00-8140-4994-b992-f14a9a8d9d46]/01 - Mikkel Rev - Fragile.aiff
Scent of Roses,Sachi Kobayashi,Melodies in the Garden,,120.24,Unknown,-1,0,Past Inside the Present,219.0,1411,44100,,Users/suhaas/Music/DLz - 2025/Playlist/G3 [73cf5d00-8140-4994-b992-f14a9a8d9d46]/03 - Sachi Kobayashi - Scent of Roses.aiff
Fluro Biotica,"Sub Basics, Headland",Never Too Late,,71.03,Unknown,-1,0,Temple of Sound,256.99,1411,44100,,Users/suhaas/Music/DLz - 2025/Playlist/G3 [73cf5d00-8140-4994-b992-f14a9a8d9d46]/11 - Sub Basics - Fluro Biotica.aiff
Black Spot,Jafu,Growing Pains,Electronic,138.0,2A,13,0,,283.71,1411,44100,,Users/suhaas/Music/DLz - 2025/Playlist/G3 [73cf5d00-8140-4994-b992-f14a9a8d9d46]/10 - Jafu - Black Spot.aiff
Cut the Chord,Insomniast,W133008 - EP,Electronic,71.5,5A,16,0,,274.57,1411,44100,,Users/suhaas/Music/DLz - 2025/Playlist/newHe [10e391bd-81f6-4ce0-acb9-d8d0bc9fd31f]/10 - Insomniast - Cut The Chord.aiff
Reaction,Molly Lin,Reaction - EP,UK Garage,132.0,4A,15,0,,314.55,1411,44100,,Users/suhaas/Music/DLz - 2025/Playlist/newHe [10e391bd-81f6-4ce0-acb9-d8d0bc9fd31f]/01 - Molly Lin - Reaction.aiff
Sometimes I Feel (Kiss Nuka Remix),Nathalie Seres,If There Is One (The Remixes),House,70.0,Unknown,-1,0,Never Not Now,296.62,1411,44100,,Users/suhaas/Music/DLz - 2025/Playlist/newHe [10e391bd-81f6-4ce0-acb9-d8d0bc9fd31f]/05 - Nathalie Seres - Sometimes I Feel (Kiss Nuka Remix).aiff
Prove Me,Gerdo G,Hit Em - EP,Garage,134.0,11A,22,0,,232.91,1411,44100,,Users/suhaas/Music/DLz - 2025/Playlist/newHe [10e391bd-81f6-4ce0-acb9-d8d0bc9fd31f]/02 - Gerdo G - Prove Me.aiff
Fighta,,Never Ending Vibe - EP,Breaks,71.5,Unknown,-1,0,,323.72,1411,44100,,Users/suhaas/Music/DLz - 2025/Playlist/newHe [10e391bd-81f6-4ce0-acb9-d8d0bc9fd31f]/15 - Reginald - Fighta.aiff
Hold On,Pépé Elle,Contradiction EP,,136.0,Unknown,-1,0,3 Feet Deep Records,352.94,1411,44100,,Users/suhaas/Music/DLz - 2025/Playlist/newHe [10e391bd-81f6-4ce0-acb9-d8d0bc9fd31f]/07 - Pépé Elle - Hold On.aiff
,,Spride - EP,,122.0,6A,17,0,,219.89,1411,44100,,Users/suhaas/Music/DLz - 2025/Playlist/newHe [10e391bd-81f6-4ce0-acb9-d8d0bc9fd31f]/22 - Naco - Amaki.aiff
Exploding Head Syndrome,Arctor,Heartless,"acid techno, breakbeat, breaks, electro, electronic, instrumental, techno",72.0,4A,15,0,Tremors,467.6,1411,44100,,Users/suhaas/Music/DLz - 2025/Playlist/newHe [10e391bd-81f6-4ce0-acb9-d8d0bc9fd31f]/20 - Arctor - Exploding Head Syndrome.aiff
Rainbow Road,"Dubrunner, SCG",Rainbow Road,"breakbeat, dub techno, dub",137.0,Unknown,-1,0,Earful of Wax,343.36,1411,44100,,Users/suhaas/Music/DLz - 2025/Playlist/newHe [10e391bd-81f6-4ce0-acb9-d8d0bc9fd31f]/17 - Dubrunner - Rainbow Road.aiff
4 Me,Cameo Blush,Just Concentrate,2-Step,139.0,2A,13,0,Future Classic,235.84,1411,44100,,Users/suhaas/Music/DLz - 2025/Playlist/newHe [10e391bd-81f6-4ce0-acb9-d8d0bc9fd31f]/11 - Cameo Blush - 4 Me.aiff
Signal,Pugilist,Serenity - Banoffee Pies Beats 04,Dub,138.0,4A,15,0,Banoffee Pies Records,285.79,1411,44100,,Users/suhaas/Music/DLz - 2025/Playlist/newHe [10e391bd-81f6-4ce0-acb9-d8d0bc9fd31f]/23 - Pugilist - Signal.aiff
,,Ommaya Vol. 2,,77.5,4A,15,0,,250.84,1411,44100,,Users/suhaas/Music/DLz - 2025/Playlist/newHe [10e391bd-81f6-4ce0-acb9-d8d0bc9fd31f]/12 - noRecall - CuloCulo.aiff
Wait A Minute,Mia Koden,34U,Dubstep,70.0,9A,20,0,,275.0,1411,44100,,Users/suhaas/Music/DLz - 2025/Playlist/newHe [10e391bd-81f6-4ce0-acb9-d8d0bc9fd31f]/24 - Mia Koden - Wait a Minute.aiff
Boot Bagi,,,Speed Garage,134.0,3A,14,0,,174.22,1411,44100,,Users/suhaas/Music/DLz - 2025/Playlist/newHe [10e391bd-81f6-4ce0-acb9-d8d0bc9fd31f]/14 - My Nu Leng - Boot Bag.aiff
Pig,"Villager, Waleed",Big Fish EP,UK Garage,136.0,11A,22,0,Pretty Weird Records,192.87,1411,44100,,Users/suhaas/Music/DLz - 2025/Playlist/newHe [10e391bd-81f6-4ce0-acb9-d8d0bc9fd31f]/03 - Villager - Pig.aiff
Holy Mountain,noRecall,Holy Mountain - EP,Dubstep,134.0,12B,11,0,,319.48,1411,44100,,Users/suhaas/Music/DLz - 2025/Playlist/newHe [10e391bd-81f6-4ce0-acb9-d8d0bc9fd31f]/13 - noRecall - Holy Mountain.aiff
Vancouver (Rhyw's SKG Mix),Martyn,Vancouver (Verraco & Rhyw Remixes),Dubstep,70.0,4A,15,0,3024,339.0,1411,44100,,Users/suhaas/Music/DLz - 2025/Playlist/newHe [10e391bd-81f6-4ce0-acb9-d8d0bc9fd31f]/21 - MARTYN - Vancouver (Rhyw's SKG Mix).aiff
Akere (Original Mix),Berwick,Physical Spaces / Akere,Dance,140.0,7A,18,0,SSS,403.0,1411,44100,,Users/suhaas/Music/DLz - 2025/Playlist/newHe [10e391bd-81f6-4ce0-acb9-d8d0bc9fd31f]/08 - Berwick - Akere.aiff
Vienna Blend,Ila Brugal,Vienna Blend - Single,Techno,70.0,Unknown,-1,0,,281.14,1411,44100,,Users/suhaas/Music/DLz - 2025/Playlist/newHe [10e391bd-81f6-4ce0-acb9-d8d0bc9fd31f]/16 - Ila Brugal - Vienna Blend.aiff
Orison (Cortese remix),Bodhi,Laurus Ascending (Remixes 1),Speed Garage,135.0,6A,17,0,Hotflush Recordings,321.01,1411,44100,,Users/suhaas/Music/DLz - 2025/Playlist/newHe [10e391bd-81f6-4ce0-acb9-d8d0bc9fd31f]/19 - BODHI - Orison (Cortese Remix).aiff
Back Off,Pépé Elle,Contradiction EP,,70.0,7A,18,0,3 Feet Deep Records,345.07,1411,44100,,Users/suhaas/Music/DLz - 2025/Playlist/newHe [10e391bd-81f6-4ce0-acb9-d8d0bc9fd31f]/06 - Pépé Elle - Back Off.aiff
Moths,Ila Brugal,WZY4.5,Dubstep,70.0,11A,22,0,Woozy,308.57,1411,44100,,Users/suhaas/Music/DLz - 2025/Playlist/newHe [10e391bd-81f6-4ce0-acb9-d8d0bc9fd31f]/18 - Ila Brugal - Moths.aiff
Broken (James Bangura remix),Nathalie Seres,If There Is One (The Remixes),,122.0,11A,22,0,Never Not Now,251.02,1411,44100,,Users/suhaas/Music/DLz - 2025/Playlist/newHe [10e391bd-81f6-4ce0-acb9-d8d0bc9fd31f]/04 - Nathalie Seres - Broken (James Bangura Remix).aiff
,,,,70.5,5A,16,0,,466.37,1411,44100,,Users/suhaas/Music/DLz - 2025/Playlist/newHe [10e391bd-81f6-4ce0-acb9-d8d0bc9fd31f]/09 - Berwick - Flesk Flora.aiff
Run It By Me (Extended Version),"Human Movement, Eliot Porter",Run It By Me,,123.0,10B,9,0,Bargrooves,381.2,1411,44100,,Users/suhaas/Music/DLz - 2025/Playlist/ahanee [50434363-0dc5-4f75-a52b-ba331138a329]/08 - Human Movement - Run It By Me (Extended Version).aiff
Maracuja,Haider,Maracuja,Breakbeat,132.0,1A,12,0,Breaker Breaker,228.37,1411,44100,,Users/suhaas/Music/DLz - 2025/Playlist/ahanee [50434363-0dc5-4f75-a52b-ba331138a329]/02 - Haider - Maracuja.aiff
Something Like This,"Jaxomy, Ely Oaks",Something Like This,Dance,129.0,9A,20,0,,141.19,1411,44100,,Users/suhaas/Music/DLz - 2025/Playlist/ahanee [50434363-0dc5-4f75-a52b-ba331138a329]/05 - Jaxomy - Something Like This.aiff
Beach Jazz,"Tom Jarmey, MarBlu",Beach Jazz,,116.0,2A,13,0,,320.0,1411,44100,,Users/suhaas/Music/DLz - 2025/Playlist/ahanee [50434363-0dc5-4f75-a52b-ba331138a329]/06 - Tom Jarmey - Beach Jazz.aiff
Song For Mr. Lewis,Austin Ato,Song for Mr. Lewis EP,House,127.0,3A,14,0,Phonica White,537.49,1411,44100,,Users/suhaas/Music/DLz - 2025/Playlist/ahanee [50434363-0dc5-4f75-a52b-ba331138a329]/16 - Austin Ato - Song For Mr. Lewis.aiff
Coconuts (Original Mix),Fouk,Heavy on the Bacon,,120.0,6A,17,0,Room With a View,387.23,1411,44100,,Users/suhaas/Music/DLz - 2025/Playlist/ahanee [50434363-0dc5-4f75-a52b-ba331138a329]/12 - Fouk - Coconuts (Original Mix).aiff
Cotton Club,Hamo,The Cotton Club EP,,117.0,8A,19,0,Splendor & Squalour,346.55,1411,44100,,Users/suhaas/Music/DLz - 2025/Playlist/ahanee [50434363-0dc5-4f75-a52b-ba331138a329]/13 - Hamo - Cotton Club.aiff
Yeah Pass It (Mangabey Remix),Kapote,Yeah Pass It,"electronic, house",125.0,7A,18,0,Toy Tonics,362.59,1411,44100,,Users/suhaas/Music/DLz - 2025/Playlist/ahanee [50434363-0dc5-4f75-a52b-ba331138a329]/15 - Kapote - Yeah Pass It (Mangabey Remix).aiff
Gotta Have You Back (Kraak & Smaak Remix),"MASON, Rouge Mary",Gotta Have You Back,Electronic,122.0,11A,22,0,,426.79,1411,44100,,Users/suhaas/Music/DLz - 2025/Playlist/ahanee [50434363-0dc5-4f75-a52b-ba331138a329]/11 - MASON - Gotta Have You Back (Kraak & Smaak Remix).aiff
SOULACOASTA,Close Counters,SOULACOASTA,,116.0,6A,17,0,Vinyl Digital,260.42,1411,44100,,Users/suhaas/Music/DLz - 2025/Playlist/ahanee [50434363-0dc5-4f75-a52b-ba331138a329]/09 - Close Counters - SOULACOASTA.aiff
Walk,"Dan Shake, Medlar",Walk,,124.0,3A,14,0,Delusions of Grandeur,369.25,1411,44100,,Users/suhaas/Music/DLz - 2025/Playlist/ahanee [50434363-0dc5-4f75-a52b-ba331138a329]/17 - Dan Shake - Walk.aiff
Ashbury Roll,Ishmael,WOLFEP026,House,117.0,8A,19,0,,326.48,1411,44100,,Users/suhaas/Music/DLz - 2025/Playlist/ahanee [50434363-0dc5-4f75-a52b-ba331138a329]/07 - Ishmael - Ashbury Roll.aiff
Seven Dayz,James Rudie,Forever - 10 Years,Dance,124.0,7A,18,0,Super-Sonic Jazz Records,299.9,1411,44100,,Users/suhaas/Music/DLz - 2025/Playlist/ahanee [50434363-0dc5-4f75-a52b-ba331138a329]/04 - James Rudie - Seven Dayz.aiff
Closer,Patrick Holland,Beaubien Dream,,126.0,4A,15,0,Sounds of Beaubien Ouest,417.75,1411,44100,,Users/suhaas/Music/DLz - 2025/Playlist/ahanee [50434363-0dc5-4f75-a52b-ba331138a329]/14 - Patrick Holland - Closer.aiff
Swellin',Bad Colours,Blend,House,115.0,2A,13,0,,219.84,1411,44100,,Users/suhaas/Music/DLz - 2025/Playlist/ahanee [50434363-0dc5-4f75-a52b-ba331138a329]/10 - Bad Colours - Swellin'.aiff
Touch The Sky,Never Dull,Groovin',"Electro, Techno/House",122.0,8A,19,0,theBasement Discos,380.51,1411,44100,,Users/suhaas/Music/DLz - 2025/Playlist/ahanee [50434363-0dc5-4f75-a52b-ba331138a329]/03 - Never Dull - Touch The Sky.aiff
Starry Night,Peggy Gou,Starry Night,"electronic, house, techno",124.0,1A,12,0,Gudu,398.6,1411,44100,,Users/suhaas/Music/DLz - 2025/Playlist/ahanee [50434363-0dc5-4f75-a52b-ba331138a329]/01 - Peggy Gou - Starry Night.aiff
Utopia,AFAMoo,Different,"lo-fi house, jazz house",117.0,Unknown,-1,0,House Cookin Records,438.0,1411,44100,,Users/suhaas/Music/DLz - 2025/Playlist/aha NewBedford [635f162e-80b1-4e58-9d80-d5c6b7caef8c]/20 - AFAMoo - Utopia.aiff
You've Forget Your Pieces,Funky Destination,Roots People,,102.0,Unknown,-1,0,Timewarp Music,257.04,1411,44100,,Users/suhaas/Music/DLz - 2025/Playlist/aha NewBedford [635f162e-80b1-4e58-9d80-d5c6b7caef8c]/22 - Funky Destination - You've Forget Your Pieces.aiff
Let's Move on Bro,Ben Hauke,Save The Date EP,,128.0,Unknown,-1,0,Last Year at Marienbad,221.7,1411,44100,,Users/suhaas/Music/DLz - 2025/Playlist/aha NewBedford [635f162e-80b1-4e58-9d80-d5c6b7caef8c]/17 - Ben Hauke - Let's Move On Bro.aiff
Satisfy Me,Soul Groove (UK),A Night With Robbie Jean,jazz house,112.0,Unknown,-1,0,Feedasoul Records,258.95,1411,44100,,Users/suhaas/Music/DLz - 2025/Playlist/aha NewBedford [635f162e-80b1-4e58-9d80-d5c6b7caef8c]/15 - Soul Groove (UK) - Satisfy Me.aiff
Push,Tush,Heavy Weather,House,131.0,Unknown,-1,0,TUSH,288.75,1411,44100,,Users/suhaas/Music/DLz - 2025/Playlist/aha NewBedford [635f162e-80b1-4e58-9d80-d5c6b7caef8c]/05 - Tush - Push.aiff
Lake Effect,Kiefer Ian,Bangonthedrum EP,Breakbeat,130.0,Unknown,-1,0,,288.13,1411,44100,,Users/suhaas/Music/DLz - 2025/Playlist/aha NewBedford [635f162e-80b1-4e58-9d80-d5c6b7caef8c]/10 - Kiefer Ian - Lake Effect.aiff
Can You Feel It,JADED,Can You Feel It,tech house,123.0,Unknown,-1,0,Higher Ground,224.55,1411,44100,,Users/suhaas/Music/DLz - 2025/Playlist/aha NewBedford [635f162e-80b1-4e58-9d80-d5c6b7caef8c]/16 - Jaded - Can You Feel It.aiff
,,It's Too Much / The Way You Hold Me - Single,,120.0,Unknown,-1,0,,380.03,1411,44100,,Users/suhaas/Music/DLz - 2025/Playlist/aha NewBedford [635f162e-80b1-4e58-9d80-d5c6b7caef8c]/24 - Jamie Vice - The Way You Hold Me.aiff
Once Again,ROAMING DATA,NYE 2026,Faux House,134.0,Unknown,-1,0,,217.87,1411,44100,,Users/suhaas/Music/DLz - 2025/Playlist/aha NewBedford [635f162e-80b1-4e58-9d80-d5c6b7caef8c]/12 - Roaming Data - Once Again.aiff
Uniqué,Strath,Uniqué,,132.0,Unknown,-1,0,CIRCA Recordings,260.29,1411,44100,,Users/suhaas/Music/DLz - 2025/Playlist/aha NewBedford [635f162e-80b1-4e58-9d80-d5c6b7caef8c]/07 - Strath - Uniqué.aiff
Make Time,Shanti Celeste,Early Hours,"dance, electronic",135.0,Unknown,-1,0,Apple Music,515.75,1411,44100,,Users/suhaas/Music/DLz - 2025/Playlist/aha NewBedford [635f162e-80b1-4e58-9d80-d5c6b7caef8c]/21 - Shanti Celeste - Make Time.aiff
Audioerotica,Jake Beautyman,Audioerotica,"deep house, deep tech, electronic, minimal techno, tech house",125.0,Unknown,-1,0,CibiCaldi Records,399.84000000000003,1411,44100,,Users/suhaas/Music/DLz - 2025/Playlist/aha NewBedford [635f162e-80b1-4e58-9d80-d5c6b7caef8c]/09 - Jake Beautyman - Audioerotica.aiff
With You (Stones Taro Remix),Etari,Midnight Mood - EP,Breakbeat,131.0,Unknown,-1,0,,327.83,1411,44100,,Users/suhaas/Music/DLz - 2025/Playlist/aha NewBedford [635f162e-80b1-4e58-9d80-d5c6b7caef8c]/23 - Etari - With You (Stones Taro Remix).aiff
Archivo 94',Colau,Archivo 94',jazz house,121.0,Unknown,-1,0,Lisztomania Records,315.0,1411,44100,,Users/suhaas/Music/DLz - 2025/Playlist/aha NewBedford [635f162e-80b1-4e58-9d80-d5c6b7caef8c]/03 - Colau - Archivo 94'.aiff
Thats New (Saison Extended Remix),Colau,Go Deep / That's New (Including Saison Remix),,124.0,Unknown,-1,0,Sift Music,358.06,1411,44100,,Users/suhaas/Music/DLz - 2025/Playlist/aha NewBedford [635f162e-80b1-4e58-9d80-d5c6b7caef8c]/04 - Colau - That's (Saison Extended Remix).aiff
Be Real,Kolter,Koltercamp : Best Bits,Funky House,125.0,Unknown,-1,0,KOLTERCAMP,453.12,1411,44100,,Users/suhaas/Music/DLz - 2025/Playlist/aha NewBedford [635f162e-80b1-4e58-9d80-d5c6b7caef8c]/14 - Kolter - Be Real.aiff
Nazca Lines,Roaming Data,Once Again - EP,Electronic,134.0,Unknown,-1,0,,278.67,1411,44100,,Users/suhaas/Music/DLz - 2025/Playlist/aha NewBedford [635f162e-80b1-4e58-9d80-d5c6b7caef8c]/13 - Roaming Data - Nazca Lines.aiff
Watch Them Come (original mix),Men From the Nile,Mix the Vibe: 27 Years in the Mix (1974-2001),,124.0,Unknown,-1,0,Nite Grooves,527.62,1411,44100,,Users/suhaas/Music/DLz - 2025/Playlist/aha NewBedford [635f162e-80b1-4e58-9d80-d5c6b7caef8c]/06 - Men From The Nile - Watch Them Come (Original Mix).aiff
Do You Want My Love,Demuja,Mary Janes Theory,"disco, electronic, house",124.0,Unknown,-1,0,MUJA,321.73,1411,44100,,Users/suhaas/Music/DLz - 2025/Playlist/aha NewBedford [635f162e-80b1-4e58-9d80-d5c6b7caef8c]/19 - Demuja - Do You Want My Love.aiff
,,,,130.0,Unknown,-1,0,,283.02,1411,44100,,Users/suhaas/Music/DLz - 2025/Playlist/aha NewBedford [635f162e-80b1-4e58-9d80-d5c6b7caef8c]/18 - Monolithic - Memory.aiff
Box Clever (Jethro Heston Rework),Huxley,Box Clever (Jethro Heston Rework) - Single,House,129.0,Unknown,-1,0,,205.18,1411,44100,,Users/suhaas/Music/DLz - 2025/Playlist/aha NewBedford [635f162e-80b1-4e58-9d80-d5c6b7caef8c]/11 - Huxley - Box Clever (Jethro Heston Rework).aiff
Looking Back,Catlow,Looking Back - Single,Electronic,127.0,Unknown,-1,0,,387.4,1411,44100,,Users/suhaas/Music/DLz - 2025/Playlist/aha NewBedford [635f162e-80b1-4e58-9d80-d5c6b7caef8c]/02 - Catlow - Looking Back.aiff
,,Pegamentos (Vol. 5),,130.0,Unknown,-1,0,,290.72,1411,44100,,Users/suhaas/Music/DLz - 2025/Playlist/aha NewBedford [635f162e-80b1-4e58-9d80-d5c6b7caef8c]/26 - DLC - Sandy.aiff
Wake Up Call,STR,Hopes for Hire,House,132.0,Unknown,-1,0,,202.15,1411,44100,,Users/suhaas/Music/DLz - 2025/Playlist/aha NewBedford [635f162e-80b1-4e58-9d80-d5c6b7caef8c]/08 - Strath - Wake Up Call.aiff
Laagi,"Tech Panda, Kenzani",Laagi,"indian indie, hindi indie, desi",102.0,Unknown,-1,0,Groovebird Records,233.82,1411,44100,,Users/suhaas/Music/DLz - 2025/Playlist/aha NewBedford [635f162e-80b1-4e58-9d80-d5c6b7caef8c]/25 - Tech Panda - Laagi.aiff
Keep It Rising,Supershy,Happy Music,House,121.0,8A,19,0,Beyond the Groove,194.96,1411,44100,,Users/suhaas/Music/DLz - 2025/SuperShy/ Happy Music [307755009] [2023]/03 - SuperShy - Keep It Rising.aiff
Down and Under (Edit),"Kid Crème, MC Shurakano",Down and Under (Edit),,127.0,Unknown,-1,0,Midget Records,248.25,1411,44100,,"Users/suhaas/Music/DLz - 2025/Kid Crème, MC Shurakano/Down and Under (Edit) [226218010] [2022]/01 - Kid Crème - Down and Under (Edit).aiff"
Down and Under (Edit),"Kid Crème, MC Shurakano",Down and Under (Edit),,127.0,Unknown,-1,0,Midget Records,248.25,1984,44100,,"Users/suhaas/Music/DLz - 2025/Kid Crème, MC Shurakano/Down and Under (Edit) [226218010] [2022]/01 - Kid Crème - Down and Under (Edit).flac"
Higher Energy (Jeku Remix),Keecen,Higher Energy (Jeku Remix) - Single,House,132.0,Unknown,-1,0,,414.32,1411,44100,,Users/suhaas/Music/DLz - 2025/Keecen/ Higher Energy (Jeku Remix) [307221840] [2023]/01 - Keecen - Higher Energy (Jeku Remix).aiff
Brotherhood (Moomin Remix),Moonee,Brotherhood,,128.0,Unknown,-1,0,Last Year at Marienbad,320.13,1411,44100,,"Users/suhaas/Music/DLz - 2025/Moonee, Moomin/ Brotherhood (Moomin Remix) [402208728] [2024]/01 - Moonee - Brotherhood (Moomin Remix).aiff"
Brotherhood (Glitched),Moonee,Brotherhood,,128.0,Unknown,-1,0,Last Year at Marienbad,292.5,1411,44100,,"Users/suhaas/Music/DLz - 2025/Moonee, Moomin/ Brotherhood (Moomin Remix) [402208728] [2024]/02 - Moonee - Brotherhood (Glitched).aiff"
Down To The Low,Dusty Dan,Oh My,"uk funky, uk garage",128.0,8A,19,0,BangersOnly,246.03,1411,44100,,Users/suhaas/Music/DLz - 2025/Dusty Dan/ Oh My [328305608] [2023]/04 - Dusty Dan - Down To The Low (Original Mix).aiff
Watch Me Clang,Dusty Dan,Oh My,Electronic,107.0,12A,23,0,,264.0,1411,44100,,Users/suhaas/Music/DLz - 2025/Dusty Dan/ Oh My [328305608] [2023]/03 - Dusty Dan - Watch Me Clang (Original Mix).aiff
Down To the Low (Justin Jay Remix),Dusty Dan,Oh My,Electronic,127.0,12A,23,0,,205.71,1411,44100,,Users/suhaas/Music/DLz - 2025/Dusty Dan/ Oh My [328305608] [2023]/07 - Dusty Dan - Down To The Low (Justin Jay Remix).aiff
Oh My (Sha Sha Kimbo Remix),Dusty Dan,Oh My,Electronic,135.0,8A,19,0,,260.91,1411,44100,,Users/suhaas/Music/DLz - 2025/Dusty Dan/ Oh My [328305608] [2023]/05 - Dusty Dan - Oh My (Sha Sha Kimbo Remix).aiff
Down To the Low (Frazer Ray Remix),Dusty Dan,Oh My,Electronic,138.0,Unknown,-1,0,,227.82999999999998,1411,44100,,Users/suhaas/Music/DLz - 2025/Dusty Dan/ Oh My [328305608] [2023]/06 - Dusty Dan - Down To The Low (Frazer Ray Remix).aiff
Oh My,Dusty Dan,Oh My,Electronic,117.0,1A,12,0,,238.34,1411,44100,,Users/suhaas/Music/DLz - 2025/Dusty Dan/ Oh My [328305608] [2023]/01 - Dusty Dan - Oh My (Original Mix).aiff
Bird Chirp,Dusty Dan,Oh My,"uk funky, uk garage",132.0,7A,18,0,BangersOnly,274.76,1411,44100,,Users/suhaas/Music/DLz - 2025/Dusty Dan/ Oh My [328305608] [2023]/02 - Dusty Dan - Bird Chirp (Original Mix).aiff
Blind Corners,Stenny,Upsurge,"ambient, breakbeat, electronic, techno",0.0,Unknown,-1,0,Ilian Tape,329.0,0,44100,,Users/suhaas/Music/DLz - 2025/Stenny/ Upsurge [122868362] [2019]/04 - Stenny - Blind Corners.aiff
Stress Test,Stenny,Stress Test,"breakbeat, breaks, electro, electronic, techno, uk garage",0.0,Unknown,-1,0,Ilian Tape,267.0,0,44100,,Users/suhaas/Music/DLz - 2025/Stenny/ Stress Test [110655651] [2019]/01 - Stenny - Stress Test.aiff
Uptown Skunkin (Intro Mix),Reflex Blue,Fragments,,0.0,Unknown,-1,0,Fuse London,296.0,0,44100,,Users/suhaas/Music/DLz - 2025/Reflex Blue/ Fragments [418104032] [2025]/05 - Reflex Blue - Uptown Skunkin (Intro Mix).aiff
Love 2 Rhythm,Reflex Blue,Fragments,House,0.0,9A,20,0,Fuse London,0,0,44100,,Users/suhaas/Music/DLz - 2025/Reflex Blue/ Fragments [418104032] [2025]/03 - Reflex Blue - Love 2 Rhythm.flac
Uptown Skunkin (Intro Mix),Reflex Blue,Fragments,,0.0,Unknown,-1,0,Fuse London,0,0,44100,,Users/suhaas/Music/DLz - 2025/Reflex Blue/ Fragments [418104032] [2025]/05 - Reflex Blue - Uptown Skunkin (Intro Mix).flac
Freakin' In The Neighbourhood,Reflex Blue,Fragments,House,0.0,5A,16,0,Fuse London,0,0,44100,,Users/suhaas/Music/DLz - 2025/Reflex Blue/ Fragments [418104032] [2025]/04 - Reflex Blue - Freakin' In The Neighbourhood.flac
Ruff City Dub,Reflex Blue,Fragments,House,0.0,4A,15,0,Fuse London,0,0,44100,,Users/suhaas/Music/DLz - 2025/Reflex Blue/ Fragments [418104032] [2025]/01 - Reflex Blue - Ruff City Dub.flac
Tightening The Screw,Reflex Blue,Fragments,House,0.0,1A,12,0,Fuse London,0,0,44100,,Users/suhaas/Music/DLz - 2025/Reflex Blue/ Fragments [418104032] [2025]/02 - Reflex Blue - Tightening The Screw.flac
Tom’s Tweaks,Hodge,Tom’s Tweaks / Let You Know,,123.0,6A,17,0,Local Action,306.0,0,44100,,Users/suhaas/Music/DLz - 2025/Hodge/ Tom's Tweaks - Let You Know [444034477] [2025]/01 - Hodge - Tom's Tweaks.aiff
Tom's Tweaks,Hodge,Tom's Tweaks / Let You Know,,0.0,6A,17,0,Local Action,0,0,44100,,Users/suhaas/Music/DLz - 2025/Hodge/ Tom's Tweaks - Let You Know [444034477] [2025]/01 - Hodge - Tom's Tweaks.flac
UGOT,Roaming Data,Once Again EP,,0.0,,-1,0,,0,0,44100,,Users/suhaas/Music/DLz - 2025/Roaming Data/ Once Again EP [454112075] [2025]/01 - Roaming Data - UGOT.aiff
London Orbital,Roaming Data,Once Again EP,,0.0,,-1,0,,0,0,44100,,Users/suhaas/Music/DLz - 2025/Roaming Data/ Once Again EP [454112075] [2025]/04 - Roaming Data - London Orbital.aiff
Nazca Lines,Roaming Data,Once Again EP,,0.0,,-1,0,,0,0,44100,,Users/suhaas/Music/DLz - 2025/Roaming Data/ Once Again EP [454112075] [2025]/03 - Roaming Data - Nazca Lines.aiff
Once Again,Roaming Data,Once Again EP,Faux,0.0,,-1,0,,0,0,44100,,Users/suhaas/Music/DLz - 2025/Roaming Data/ Once Again EP [454112075] [2025]/02 - Roaming Data - Once Again.aiff
All My Troubles,Demuja,All My Troubles,House,0.0,Unknown,-1,0,,308.0,0,44100,,Users/suhaas/Music/DLz - 2025/Demuja/ All My Troubles [299247151] [2020]/01 - Demuja - All My Troubles.aiff
Young Man (Club Dub 909),Make A Dance,Young Man,,0.0,,-1,0,M.A.D Records,0,0,44100,,Users/suhaas/Music/DLz - 2025/Make A Dance/ Young Man [443126845] [2025]/02 - Make A Dance - Young Man (Club Dub 909).flac
Young Man,Make A Dance,Young Man,,0.0,,-1,0,M.A.D Records,0,0,44100,,Users/suhaas/Music/DLz - 2025/Make A Dance/ Young Man [443126845] [2025]/01 - Make A Dance - Young Man.flac
Down,Make a Dance,Young Man EP,,125.0,Unknown,-1,0,M.A.D Records,389.0,0,44100,,Users/suhaas/Music/DLz - 2025/Make A Dance/ Young Man [443126845] [2025]/03 - Make A Dance - Down.aiff
Young Man,Make a Dance,Young Man EP,,123.0,Unknown,-1,0,M.A.D Records,364.0,0,44100,,Users/suhaas/Music/DLz - 2025/Make A Dance/ Young Man [443126845] [2025]/01 - Make A Dance - Young Man.aiff
Down,Make A Dance,Young Man,,0.0,,-1,0,M.A.D Records,0,0,44100,,Users/suhaas/Music/DLz - 2025/Make A Dance/ Young Man [443126845] [2025]/03 - Make A Dance - Down.flac
Young Man (Club Dub 909),Make a Dance,Young Man EP,,124.0,Unknown,-1,0,M.A.D Records,300.0,0,44100,,Users/suhaas/Music/DLz - 2025/Make A Dance/ Young Man [443126845] [2025]/02 - Make A Dance - Young Man (Club Dub 909).aiff
(=o_o=),Polygonia,(=o_o=) / Each Story,,0.0,4A,15,0,,0,0,44100,,"Users/suhaas/Music/DLz - 2025/Polygonia, Facta, K-LONE/ (=o_o=) - Each Story [427499923] [2025]/01 - Polygonia - (=o_o=).aiff"
Each Story,"Facta, K-LONE",(=o_o=) / Each Story,,0.0,8A,19,0,,0,0,44100,,"Users/suhaas/Music/DLz - 2025/Polygonia, Facta, K-LONE/ (=o_o=) - Each Story [427499923] [2025]/02 - Facta - Each Story.aiff"
Can You Feel It,Mr. Fingers,The Sound of Chicago House 1985 - 2006,,0.0,Unknown,-1,0,Clearwater Music,328.0,0,44100,,Users/suhaas/Music/DLz - 2025/Mr. Fingers/ Amnesia [77539352] [1989]/01 - Mr. Fingers - Can You Feel It.aiff
,,,,0.0,,-1,0,,0,0,44100,,Users/suhaas/Music/DLz - 2025/Hatori Hanso/ Deep Burnt [409676051] [2025]/04 - Hatori Hanso - Kraulen.aiff
I'm A Taker,Hatori Hanso,Deep Burnt,,0.0,,-1,0,,0,0,44100,,Users/suhaas/Music/DLz - 2025/Hatori Hanso/ Deep Burnt [409676051] [2025]/03 - Hatori Hanso - I'm A Taker.flac
,,,,0.0,2A,13,0,,0,0,44100,,Users/suhaas/Music/DLz - 2025/Hatori Hanso/ Deep Burnt [409676051] [2025]/01 - Hatori Hanso - Deep Burnt.aiff
My Chorus,Hatori Hanso,Deep Burnt,,0.0,,-1,0,,0,0,44100,,Users/suhaas/Music/DLz - 2025/Hatori Hanso/ Deep Burnt [409676051] [2025]/02 - Hatori Hanso - My Chorus.flac
,,,,0.0,9A,20,0,,0,0,44100,,Users/suhaas/Music/DLz - 2025/Hatori Hanso/ Deep Burnt [409676051] [2025]/02 - Hatori Hanso - My Chorus.aiff
Kraulen,Hatori Hanso,Deep Burnt,,0.0,,-1,0,,0,0,44100,,Users/suhaas/Music/DLz - 2025/Hatori Hanso/ Deep Burnt [409676051] [2025]/04 - Hatori Hanso - Kraulen.flac
Deep Burnt,Hatori Hanso,Deep Burnt,,0.0,,-1,0,,0,0,44100,,Users/suhaas/Music/DLz - 2025/Hatori Hanso/ Deep Burnt [409676051] [2025]/01 - Hatori Hanso - Deep Burnt.flac
,,,,0.0,,-1,0,,0,0,44100,,Users/suhaas/Music/DLz - 2025/Hatori Hanso/ Deep Burnt [409676051] [2025]/03 - Hatori Hanso - I'm A Taker.aiff
Drumz!,K-Lone,Tasty003 - Drum Tools - EP,Tribal,124.0,Unknown,-1,0,Resident Advisor,0,0,44100,,Users/suhaas/Music/DLz - 2025/K-LONE/ Drumz! [324168566] [2023]/01 - K-LONE - Drumz!.aiff
Drumz!,K-LONE,Drumz!,Tribal,0.0,Unknown,-1,0,Resident Advisor,0,0,44100,,Users/suhaas/Music/DLz - 2025/K-LONE/ Drumz! [324168566] [2023]/01 - K-LONE - Drumz!.flac
Drumz! (Leod Edit),K-LONE,TASTY003 - Drum Tools,,0.0,,-1,0,,0,0,44100,,Users/suhaas/Music/DLz - 2025/K-LONE/ TASTY003 - Drum Tools [324167441] [2023]/06 - K-LONE - Drumz! (Leod Edit).flac
Timbale,K-LONE,TASTY003 - Drum Tools,Club,0.0,,-1,0,Warehouse Project Records,0,0,44100,,Users/suhaas/Music/DLz - 2025/K-LONE/ TASTY003 - Drum Tools [324167441] [2023]/03 - K-LONE - Timbale.flac
Cinco,K-LONE,TASTY003 - Drum Tools,Dembow,0.0,,-1,0,Sweet N Tasty,0,0,44100,,Users/suhaas/Music/DLz - 2025/K-LONE/ TASTY003 - Drum Tools [324167441] [2023]/02 - K-LONE - Cinco.flac
Bombo,K-LONE,TASTY003 - Drum Tools,Tribal Club,0.0,,-1,0,Sweet N Tasty,0,0,44100,,Users/suhaas/Music/DLz - 2025/K-LONE/ TASTY003 - Drum Tools [324167441] [2023]/04 - K-LONE - Bombo.flac
Clapper,K-LONE,TASTY003 - Drum Tools,House,0.0,,-1,0,Sweet N Tasty,0,0,44100,,Users/suhaas/Music/DLz - 2025/K-LONE/ TASTY003 - Drum Tools [324167441] [2023]/05 - K-LONE - Clapper.flac
Drumz!,K-LONE,Drum Tools,,0.0,,-1,0,Resident Advisor,0,0,44100,,Users/suhaas/Music/DLz - 2025/K-LONE/ TASTY003 - Drum Tools [324167441] [2023]/01 - K-LONE - Drumz!.flac
Poison,Klaus Veen,Lekker Setje Beats,,0.0,Unknown,-1,0,Klaus Veen Records,191.0,0,44100,,Users/suhaas/Music/DLz - 2025/Klaus Veen/ Lekker Setje Beats [359825105] [2020]/02 - Klaus Veen - Poison.aiff
Poison,Klaus Veen,Lekker Setje Beats,,0.0,,-1,0,Klaus Veen Records,0,0,44100,,Users/suhaas/Music/DLz - 2025/Klaus Veen/ Lekker Setje Beats [359825105] [2020]/02 - Klaus Veen - Poison.flac
Flomp,Adam Pits,Taurus,Hypnotic,0.0,4A,15,0,murmurs,380.0,0,44100,,Users/suhaas/Music/DLz - 2025/Adam Pits/ Taurus EP [455780516] [2025]/06 - Adam Pits - Flomp.aiff
Purr,Adam Pits,Taurus,,0.0,11A,22,0,murmurs,500.0,0,44100,,Users/suhaas/Music/DLz - 2025/Adam Pits/ Taurus EP [455780516] [2025]/07 - Adam Pits - Purr.aiff
Taurus,Adam Pits,Taurus,Acid,0.0,10A,21,0,murmurs,440.0,0,44100,,Users/suhaas/Music/DLz - 2025/Adam Pits/ Taurus EP [455780516] [2025]/01 - Adam Pits - Taurus.aiff
Tantalizer,Adam Pits,Taurus,,0.0,6A,17,0,murmurs,401.0,0,44100,,Users/suhaas/Music/DLz - 2025/Adam Pits/ Taurus EP [455780516] [2025]/03 - Adam Pits - Tantalizer.aiff
Over the Summit,Adam Pits,Taurus,Hypnotic,0.0,Unknown,-1,0,murmurs,473.0,0,44100,,Users/suhaas/Music/DLz - 2025/Adam Pits/ Taurus EP [455780516] [2025]/05 - Adam Pits - Over the Summit.aiff
Neural Nectar,Adam Pits,Taurus,Hypnotic,0.0,Unknown,-1,0,murmurs,474.0,0,44100,,Users/suhaas/Music/DLz - 2025/Adam Pits/ Taurus EP [455780516] [2025]/04 - Adam Pits - Neural Nectar.aiff
Acid Lovestory,Jpeg,Lessons,Breakbeat,0.0,Unknown,-1,0,,0,0,44100,,Users/suhaas/Music/DLz - 2025/Jpeg/ Lessons [421061314] [2025]/01 - Jpeg - Acid Lovestory.flac
Nemur - Walls of Guitars (Remastered),Dusty Kid,A Raver's Diary - Singles & B-Sides,Deep House,0.0,Unknown,-1,0,Boxer Recordings,266.0,0,44100,,Users/suhaas/Music/DLz - 2025/Dusty Kid/ A Raver's Diary - Singles & B-Sides [204061477] [2020]/18 - Dusty Kid - Nemur - Walls of Guitars (Remastered).aiff
Big Belly,"Baby Rollen, Gallegos",Along the River - EP,"acid house, breakbeat",0.0,Unknown,-1,0,Feelings Worldwide,377.0,0,44100,,"Users/suhaas/Music/DLz - 2025/Baby Rollén, Gallegos/ Along the River - EP [345713246] [2024]/02 - Baby Rollén - Big Belly.aiff"
Big Belly,"Baby Rollen, Gallegos",Along the River - EP,"acid house, breakbeat",0.0,1A,12,0,Feelings Worldwide,377.0,0,44100,,"Users/suhaas/Music/DLz - 2025/Baby Rollén, Gallegos/ Along the River - EP [345713246] [2024]/01 - Baby Rollén - Big Belly.aiff"
Along the River,"Baby Rollen, Gallegos",Along the River - EP,"acid house, breakbeat",0.0,6A,17,0,Feelings Worldwide,372.0,0,44100,,"Users/suhaas/Music/DLz - 2025/Baby Rollén, Gallegos/ Along the River - EP [345713246] [2024]/03 - Baby Rollén - Along the River.aiff"
,,,,0.0,6A,17,0,,0,0,44100,,"Users/suhaas/Music/DLz - 2025/Baby Rollén, Gallegos/ Along the River - EP [345713246] [2024]/04 - Baby Rollén - Dance East, Dance West.aiff"
Maurice's Vibe,Hardrive,Deep Inside,,124.0,,-1,0,Strictly Rhythm,334.0,0,44100,,Users/suhaas/Music/DLz - 2025/Hardrive/ Deep Inside [4855697] [1994]/04 - Hardrive - Maurice's Vibe.aiff
No Cure,Hardrive,Deep Inside,,122.0,,-1,0,Strictly Rhythm,369.0,0,44100,,Users/suhaas/Music/DLz - 2025/Hardrive/ Deep Inside [4855697] [1994]/02 - Hardrive - No Cure.aiff
Just Believe,Hardrive,Deep Inside,,121.0,,-1,0,Strictly Rhythm Records,635.0,0,44100,,Users/suhaas/Music/DLz - 2025/Hardrive/ Deep Inside [4855697] [1994]/03 - Hardrive - Just Believe.aiff
Deep Inside,Hardrive,Deep Inside,,124.0,Unknown,-1,0,Quality Music,194.0,0,44100,,Users/suhaas/Music/DLz - 2025/Hardrive/ Deep Inside [4855697] [1994]/01 - Hardrive - Deep Inside.aiff
Deep Inside (The Dub),Hardrive,Deep Inside,,125.0,,-1,0,Strictly Rhythm,314.0,0,44100,,Users/suhaas/Music/DLz - 2025/Hardrive/ Deep Inside [4855697] [1994]/05 - Hardrive - Deep Inside (The Dub).aiff
Deep Inside (The Dub),Hardrive,Deep Inside,,0.0,,-1,0,Strictly Rhythm,0,0,44100,,Users/suhaas/Music/DLz - 2025/Hardrive/ Deep Inside [4855697] [1994]/05 - Hardrive - Deep Inside (The Dub).flac
Maurice's Vibe,Hardrive,Deep Inside,,0.0,,-1,0,Strictly Rhythm,0,0,44100,,Users/suhaas/Music/DLz - 2025/Hardrive/ Deep Inside [4855697] [1994]/04 - Hardrive - Maurice's Vibe.flac
Deep Inside,Hardrive,Deep Inside,,0.0,,-1,0,Quality Music,0,0,44100,,Users/suhaas/Music/DLz - 2025/Hardrive/ Deep Inside [4855697] [1994]/01 - Hardrive - Deep Inside.flac
No Cure,Hardrive,Deep Inside,,0.0,,-1,0,Strictly Rhythm,0,0,44100,,Users/suhaas/Music/DLz - 2025/Hardrive/ Deep Inside [4855697] [1994]/02 - Hardrive - No Cure.flac
Just Believe,Hardrive,Deep Inside,,0.0,,-1,0,Strictly Rhythm Records,0,0,44100,,Users/suhaas/Music/DLz - 2025/Hardrive/ Deep Inside [4855697] [1994]/03 - Hardrive - Just Believe.flac
