title,artist,album,genre,year,bpm_raw,bpm_actual,key,duration_sec,bitrate,file_path,flag
Runnup On'm,"Shigeto, cleveland thrasher, Ahya Simone",Cherry Blossom Baby,,2024,0.461519,130.15,Cm,258.05,2117,"/Users/suhaas/Music/NewTDLs/Playlists  (Mostly In USB)/new vox 140  grime/1. Shigeto, cleveland thrasher, Ahya Simone - Runnup On'm.aiff",1
Different (SBTRKT Sirens Remix),"Barry Can’t Swim, SBTRKT",Different (SBTRKT Sirens Remix),,2025,0.468605,132.15,Dm,221.18,2304,"/Users/suhaas/Music/NewTDLs/Playlists  (Mostly In USB)/Silent Disco/16. Barry Can’t Swim, SBTRKT - Different (SBTRKT Sirens Remix).aiff",1
Running In Place,"Harvey Sutherland, They Hate Change",Running In Place,UKG,2025,0.451134,127.22,A#m,196.31,2304,"/Users/suhaas/Music/NewTDLs/Playlists  (Mostly In USB)/Silent Disco/19. Harvey Sutherland, They Hate Change - Running In Place.aiff",1
Heaven (Danny Krivit Edit),"The Vision, Andreya Triana",Edits by Mr. K,,2019,0.5,141.0,Cm,381.42,1411,"/Users/suhaas/Music/NewTDLs/Playlists  (Mostly In USB)/Silent Disco/10. The Vision, Andreya Triana - Heaven (Danny Krivit Edit).aiff",1
Звёздная пурга (Директор Всего Remix),Золотые зубы,Золотые ремиксы,Electro,2025,0.375011,105.75,F#,163.5,1411,/Users/suhaas/Music/NewTDLs/Playlists  (Mostly In USB)/after hours bounce/13. Золотые зубы - Звёздная пурга (Директор Всего Remix).aiff,1
It'll All Be Over (DJ Koze Remix - Radio Edit),Gerry Read,It'll All Be Over (DJ Koze Remix - Radio Edit),,2019,0.487732,137.54,Dm,188.05,1411,/Users/suhaas/Music/NewTDLs/Playlists  (Mostly In USB)/Silent Disco/14. Gerry Read - It'll All Be Over (DJ Koze Remix - Radio Edit).aiff,1
On My Mind (Purple Disco Machine Remix),"Diplo, SIDEPIECE",Do You Dance?,,2021,0.0,,Gm,,,"/Users/suhaas/Music/NewTDLs/Playlists  (Mostly In USB)/Silent Disco/38. Diplo, SIDEPIECE - On My Mind (Purple Disco Machine Remix).aiff",1
Number One Station,"Sol Power All-Stars, Daniel Meinecke",Special Features,,2019,0.0,,A#m,,,"/Users/suhaas/Music/NewTDLs/Playlists  (Mostly In USB)/Silent Disco/11. Sol Power All-Stars, Daniel Meinecke - Number One Station.aiff",1
No More Thrills (Dyed Soundrom's Morning Mix),So Inagawa,No More Thrills,,2009,0.487789,137.56,Dm,408.68,1411,/Users/suhaas/Music/NewTDLs/Playlists  (Mostly In USB)/traumer style rominz/14. So Inagawa - No More Thrills (Dyed Soundrom's Morning Mix).aiff,1
Feel The Rhythm ft. Marsch (Original Mix),"Kenji Hina, Marsch",Shibuya District EP,,2022,0.425533,120.0,F,411.3,1411,"/Users/suhaas/Music/NewTDLs/Playlists  (Mostly In USB)/techno (deepdrivinghypnotic)/03. Kenji Hina, Marsch - Feel The Rhythm ft. Marsch (Original Mix).aiff",1
Run It By Me (Extended Version),"Human Movement, Eliot Porter",Run It By Me,,2018,0.47619,134.29,F#m,381.2,1411,"/Users/suhaas/Music/NewTDLs/Playlists  (Mostly In USB)/Silent Disco/33. Human Movement, Eliot Porter - Run It By Me (Extended Version).aiff",1
130 id,,,,,0.461542,130.15,Fm,177.23,2822,/Users/suhaas/Music/130 id.wav,1
"Chicken, Understood (Truncate Remix)","Heiko Laux, Diego Hostettler","Chicken, Understood",,2013,0.0,,G#m,,,"/Users/suhaas/Music/NewTDLs/Playlists  (Mostly In USB)/techno (deepdrivinghypnotic)/10. Heiko Laux, Diego Hostettler - Chicken, Understood (Truncate Remix).aiff",1
I See You Baby (Austin Ato Extended Remix),"Groove Armada, Gramma Funk",Remixed,,2025,0.468753,132.19,B,347.62,1411,"/Users/suhaas/Music/NewTDLs/Playlists  (Mostly In USB)/techno (deepdrivinghypnotic)/13. Groove Armada, Gramma Funk - I See You Baby (Austin Ato Extended Remix).aiff",1
88,Cousin,Fifth Wall,,2023,0.428571,120.86,F#m,308.57,2117,/Users/suhaas/Music/NewTDLs/Playlists  (Mostly In USB)/Weird Sleazy Obscure Dub/5. Cousin - 88.aiff,1
New J,raz,Entropy,,2025,0.479898,135.33,Cm,310.97,1411,/Users/suhaas/Music/NewTDLs/Playlists  (Mostly In USB)/traumer style rominz/11. raz - New J.aiff,1
Clima,Nørbak,Sopro EP,,2024,0.437959,123.5,G#m,343.36,2117,/Users/suhaas/Music/NewTDLs/Playlists  (Mostly In USB)/HARDGROOVE (AU)/17. Nørbak - Clima.aiff,1
Hamsa,Eman,Hamsa,,2023,0.428571,120.86,Ebm,344.59,2117,/Users/suhaas/Music/NewTDLs/Playlists  (Mostly In USB)/HARDGROOVE (AU)/03. Eman - Hamsa.aiff,1
Soul,Swoy,Illusion,,2023,0.48,135.36,,510.04,1411,/Users/suhaas/Music/NewTDLs/Playlists  (Mostly In USB)/traumer style rominz/16. Swoy - Soul.aiff,1
Gips,Impérieux,In and Out EP,Hard Drum,2025,0.413798,116.69,F#m,312.83,1411,/Users/suhaas/Music/NewTDLs/Playlists  (Mostly In USB)/rugged breaks/6. Impérieux - Gips.aiff,1
136 Dubstep Chill.mp3,,,,,0.440833,124.31,,128.84,320,/Users/suhaas/Music/136 Dubstep Chill.mp3,2
AM Yard,Snad,AM Yard,Deep House,2025,0.48,135.36,A#m,469.33,2117,/Users/suhaas/Music/NewTDLs/Playlists  (Mostly In USB)/traumer style rominz/05. Snad - AM Yard.aiff,1
136 Dubstep Chill.wav,,,,,0.44125,124.43,,128.82,2117,/Users/suhaas/Music/136 Dubstep Chill.wav,1
Superficie,Kølpøs,ISOMETRIC VIEW V.A vol II,,2023,0.451122,127.22,Gm,353.68,1411,/Users/suhaas/Music/NewTDLs/Playlists  (Mostly In USB)/HARDGROOVE (AU)/12. Kølpøs - Superficie.aiff,1
Rage,Oxygeno,Strange Presence EP,,2025,0.434785,122.61,D,314.26,1411,/Users/suhaas/Music/NewTDLs/Playlists  (Mostly In USB)/HARDGROOVE (AU)/04. Oxygeno - Rage.aiff,1
Melt,Pfirter,Melt,,2024,0.444444,125.33,Eb,327.22,1411,/Users/suhaas/Music/NewTDLs/Playlists  (Mostly In USB)/HARDGROOVE (AU)/13. Pfirter - Melt.aiff,1
Web Glow,Elsa,Web Glow,BOUNCE,2025,0.0,,Am,,,/Users/suhaas/Music/NewTDLs/Playlists  (Mostly In USB)/after hours bounce/11. Elsa - Web Glow.aiff,1
Threads,Carrier,5Y,,2020,0.472438,133.23,F#m,370.09,1411,/Users/suhaas/Music/March 2026 DLs/Carrier - Threads.aiff,1
Oblong,Tipper,Holding Pattern,,2001,0.441145,124.4,C#m,360.86,1411,/Users/suhaas/Music/NewTDLs/Playlists  (Mostly In USB)/rugged breaks/5. Tipper - Oblong.aiff,1
Digging,Arapu,Travel In EP,Minimal / Deep Tech,2022,0.468753,132.19,Gm,529.32,1411,/Users/suhaas/Music/NewTDLs/Playlists  (Mostly In USB)/traumer style rominz/10. Arapu - Digging.aiff,1
Confused,DVS1,Klockworks 08,,2011,0.0,,A#m,,,/Users/suhaas/Music/NewTDLs/Playlists  (Mostly In USB)/techno (deepdrivinghypnotic)/11. DVS1 - Confused.aiff,1
Chomdao,Saktu,Fucha EP,House,2025,0.461542,130.15,Bm,280.0,1411,/Users/suhaas/Music/NewTDLs/Playlists  (Mostly In USB)/traumer style rominz/12. Saktu - Chomdao.aiff,1
Mooree,Cirkle,Veil Of Echoes I,,2024,0.42254,119.16,Gm,304.28,2117,/Users/suhaas/Music/NewTDLs/Playlists  (Mostly In USB)/HARDGROOVE (AU)/25. Cirkle - Mooree.aiff,1
Goose,Gilmore,Electric Tears EP,Breaks,2023,0.447766,126.27,G#m,290.15,1411,/Users/suhaas/Music/NewTDLs/Playlists  (Mostly In USB)/after hours bounce/01. Gilmore - Goose.aiff,1
CHWTSGD,KiRiK,CHWTSGD EP,Rominimal,2023,0.48,135.36,Gm,403.2,1411,/Users/suhaas/Music/NewTDLs/Playlists  (Mostly In USB)/Silent Disco/03. KiRiK - CHWTSGD.aiff,1
Judna01,Amotik,AMTK+001,,2023,0.428571,120.86,A#m,362.77,1411,/Users/suhaas/Music/NewTDLs/Playlists  (Mostly In USB)/HARDGROOVE (AU)/05. Amotik - Judna01.aiff,1
Synchro,Exium,XX Part 1,,2019,0.444444,125.33,F#,329.13,1411,/Users/suhaas/Music/NewTDLs/Playlists  (Mostly In USB)/HARDGROOVE (AU)/22. Exium - Synchro.aiff,1
Overbit,Baalti,Overbit,Baalti,2025,0.0,,F#m,,,/Users/suhaas/Music/NewTDLs/Playlists  (Mostly In USB)/after hours bounce/04. Baalti - Overbit.aiff,1
Gifting,Kolter,Seducer,Minimal House,2022,0.447755,126.27,G#,345.45,1411,/Users/suhaas/Music/NewTDLs/Playlists  (Mostly In USB)/Silent Disco/02. Kolter - Gifting.aiff,1
Synergy,Sid Praja,Krystle,,2024,0.444444,125.33,Cm,305.78,1411,/Users/suhaas/Music/March 2026 DLs/Sid Praja - Synergy.aiff,1
Soft,Lake Hills,Picking Flowers EP,,2024,0.42254,119.16,Gm,340.56,1411,/Users/suhaas/Music/NewTDLs/Playlists  (Mostly In USB)/ETHEREAL AFTERHOURS/10. Lake Hills - Soft.aiff,1
Y,Tristan Blach,Quinctus | DPVA005,,2025,0.425533,120.0,G#,350.31,1411,/Users/suhaas/Music/NewTDLs/Playlists  (Mostly In USB)/HARDGROOVE (AU)/01. Tristan Blach - Y.aiff,1
Center of Mass,ANNĒ,Kinesis,,2025,0.0,,Cm,,,/Users/suhaas/Music/NewTDLs/Playlists  (Mostly In USB)/techno (deepdrivinghypnotic)/01. ANNĒ - Center of Mass.aiff,1
Last Night A DJ Saved My Life (feat. Anané & Tony Touch),"Louie Vega, Anané, Tony Touch",NYC Disco,,2018,0.521746,147.13,A,296.45,1411,"/Users/suhaas/Music/NewTDLs/Playlists  (Mostly In USB)/Silent Disco/37. Louie Vega, Anané, Tony Touch - Last Night A DJ Saved My Life (feat. Anané & Tony Touch).aiff",1
Memory,SG Lewis,Anemoia,,2025,0.0,,G,,,/Users/suhaas/Music/NewTDLs/Playlists  (Mostly In USB)/Silent Disco/24. SG Lewis - Memory.aiff,1
Elastic,Sansibar,We Rise,,2024,0.465113,131.16,F#m,292.09,2117,/Users/suhaas/Music/NewTDLs/Playlists  (Mostly In USB)/peak time hypnotic electro/1. Sansibar - Elastic.aiff,1
Ridge Racer,Kosh,Back on Track,,2025,0.441179,124.41,Gm,370.72,2117,/Users/suhaas/Music/NewTDLs/Playlists  (Mostly In USB)/ETHEREAL AFTERHOURS/04. Kosh - Ridge Racer.aiff,1
Ahora,Etapp Kyle,Continuum,,2016,0.458016,129.16,Fm,349.96,1411,/Users/suhaas/Music/NewTDLs/Playlists  (Mostly In USB)/ETHEREAL AFTERHOURS/02. Etapp Kyle - Ahora.aiff,1
Bushcraft,AK-One,Scenic Route,,2021,0.0,,F#,,,/Users/suhaas/Music/NewTDLs/Playlists  (Mostly In USB)/after hours bounce/18. AK-One - Bushcraft.aiff,1
Atman,Silat Beksi,Atman,,2025,0.483866,136.45,Dm,406.0,1411,/Users/suhaas/Music/NewTDLs/Playlists  (Mostly In USB)/Weird Sleazy Obscure Dub/2. Silat Beksi - Atman.aiff,1
Cypher,Red Rooms,Emerge LP,,2024,0.42254,119.16,G#m,300.45,1411,/Users/suhaas/Music/NewTDLs/Playlists  (Mostly In USB)/HARDGROOVE (AU)/07. Red Rooms - Cypher.aiff,1
Purple Haze,Suki,Rhythm Export EP,Techno,2021,0.441179,124.41,Ebm,437.73,1411,/Users/suhaas/Music/ResisDance/converted_aiff/85 - Suki - Purple Haze.aiff,1
traumer style rominz.zip,,,,,0.0,,,,,/Users/suhaas/Music/NewTDLs/Playlists  (Mostly In USB)/traumer style rominz.zip,2
Cube 11,DJ Sprinter,Vol. 2,Breaks,2025,0.437959,123.5,Cm,255.77,1411,/Users/suhaas/Music/NewTDLs/Playlists  (Mostly In USB)/rugged breaks/3. DJ Sprinter - Cube 11.aiff,1
ALS624,Make Install,Sentient Entities,,2022,0.445,125.49,Dm,300.99,1411,/Users/suhaas/Music/NewTDLs/Playlists  (Mostly In USB)/peak time hypnotic electro/2. Make Install - ALS624.aiff,1
VC Shit 🅴,Kenji Hina,Bring It Down,,2023,0.416667,117.5,Gm,323.32,1411,/Users/suhaas/Music/NewTDLs/Playlists  (Mostly In USB)/techno (deepdrivinghypnotic)/04. Kenji Hina - VC Shit.aiff,1
Magic Bells,Tsepo,Magic Bells,"Breakbeat, House",2025,0.461542,130.15,Fm,311.62,1411,/Users/suhaas/Music/ResisDance/converted_aiff/58 - Tsepo - Magic Bells.aiff,1
Arambha,Marco Borg,"Mystical Fields, Pt. 1",House,2024,0.468753,132.19,A#m,400.37,1411,/Users/suhaas/Music/NewTDLs/Playlists  (Mostly In USB)/ETHEREAL AFTERHOURS/12. Marco Borg - Arambha.aiff,1
TYB,"Dj ADHD, Baalti",TYB,Baalti,2025,0.413776,116.68,Ebm,267.97,2117,"/Users/suhaas/Music/NewTDLs/Playlists  (Mostly In USB)/after hours bounce/05. Dj ADHD, Baalti - TYB.aiff",1
Helico,Abdul Raeva,Cream,Trance (Raw / Deep / Hypnotic),2025,0.447766,126.27,D,360.01,1411,/Users/suhaas/Music/NewTDLs/Playlists  (Mostly In USB)/after hours bounce/14. Abdul Raeva - Helico.aiff,1
Athenia,Derek Carr,Pioneers EP,,2018,0.461542,130.15,Ebm,400.54,1411,/Users/suhaas/Music/NewTDLs/Playlists  (Mostly In USB)/ETHEREAL AFTERHOURS/08. Derek Carr - Athenia.aiff,1
Close,Luca Maniaci,Convergence EP,,2024,0.428571,120.86,Cm,357.93,1411,/Users/suhaas/Music/NewTDLs/Playlists  (Mostly In USB)/HARDGROOVE (AU)/19. Luca Maniaci - Close.aiff,1
Speed Freak,Arctor,Retrograde / Speed Freak,Breaks / Breakbeat / UK Bass,2022,0.4,112.8,Dm,,,/Users/suhaas/Music/NewTDLs/Playlists  (Mostly In USB)/after hours bounce/12. Arctor - Speed Freak.aiff,1
Black Russian,DVS1,Black Russian,,2017,0.461542,130.15,F#m,391.7,1411,/Users/suhaas/Music/NewTDLs/Playlists  (Mostly In USB)/HARDGROOVE (AU)/26. DVS1 - Black Russian.aiff,1
Sidestepped,Fixate,uu013,Breaks,2025,0.461542,130.15,Em,201.38,1411,/Users/suhaas/Music/NewTDLs/Playlists  (Mostly In USB)/rugged breaks/1. Fixate - Sidestepped.aiff,1
Rotary Turbo,Dott,Rotary Turbo,Minimal / Deep Tech,2023,0.458016,129.16,G#m,469.01,1411,/Users/suhaas/Music/NewTDLs/Playlists  (Mostly In USB)/traumer style rominz/13. Dott - Rotary Turbo.aiff,1
Blue Light,Glaskin,CROWD009: Blue Light,Techno (Raw / Deep / Hypnotic),2025,0.428571,120.86,C#m,279.86,2117,/Users/suhaas/Music/NewTDLs/Playlists  (Mostly In USB)/after hours bounce/06. Glaskin - Blue Light.aiff,1
That's a Vibe,Ossie,That's a Vibe,,2025,0.48,135.36,Dm,353.98,1411,/Users/suhaas/Music/NewTDLs/Playlists  (Mostly In USB)/Silent Disco/18. Ossie - That's a Vibe.aiff,1
VCV1,Linear System,GSTDVA001,,2025,0.428571,120.86,F#m,386.9,1411,/Users/suhaas/Music/NewTDLs/Playlists  (Mostly In USB)/HARDGROOVE (AU)/20. Linear System - VCV1.aiff,1
Kercha - Jazz Symptoms.aiff,,Fulminating EP,,2020,0.428571,120.86,Ebm,237.32,2117,/Users/suhaas/Music/NewTDLs/Test/Kercha - Jazz Symptoms.aiff,1
Bonito,Dennis Cruz,Bonito,,2024,0.0,,Gm,,,/Users/suhaas/Music/NewTDLs/Playlists  (Mostly In USB)/Silent Disco/23. Dennis Cruz - Bonito.aiff,1
Reckless,Fadi Mohem,We Are,,2017,0.431655,121.73,Fm,348.5,1411,/Users/suhaas/Music/NewTDLs/Playlists  (Mostly In USB)/techno (deepdrivinghypnotic)/15. Fadi Mohem - Reckless.aiff,1
Zone X,Mathys Lenne,Sense,Techno,2021,0.434785,122.61,F,367.95,1411,/Users/suhaas/Music/NewTDLs/Playlists  (Mostly In USB)/HARDGROOVE (AU)/14. Mathys Lenne - Zone X.aiff,1
Antipode,Heiko Laux,Klockworks 24,,2019,0.468753,132.19,E,358.13,1411,/Users/suhaas/Music/NewTDLs/Playlists  (Mostly In USB)/techno (deepdrivinghypnotic)/09. Heiko Laux - Antipode.aiff,1
Halftime,Confluence,Sonus Diēi / Klang des Tages,Techno (Raw / Deep / Hypnotic),2020,0.451128,127.22,F,,,/Users/suhaas/Music/NewTDLs/Playlists  (Mostly In USB)/after hours bounce/08. Confluence - Halftime.aiff,1
Underlying,Traumer,Trudge,Techno,,0.48,135.36,Bm,343.13,1411,/Users/suhaas/Music/ResisDance/converted_aiff/01 - Traumer - Underlying.aiff,1
Dancing Together,Edd,Dancing Together,House,2025,0.458016,129.16,Dm,225.25,1411,/Users/suhaas/Music/NewTDLs/Playlists  (Mostly In USB)/Silent Disco/01. Edd - Dancing Together.aiff,1
I Wonder,Mike Sharon,Be Yourself EP,"Electro, Techno/House",2025,0.48,135.36,A#m,436.17,1411,/Users/suhaas/Music/NewTDLs/Playlists  (Mostly In USB)/traumer style rominz/17. Mike Sharon - I Wonder.aiff,1
Beat On The Drum,Slam,Dark Channel,,2025,0.41958,118.32,C#m,352.42,2117,/Users/suhaas/Music/NewTDLs/Playlists  (Mostly In USB)/HARDGROOVE (AU)/24. Slam - Beat On The Drum.aiff,1
Further,frankydrama,Meat Queue / Further,House,2025,0.451134,127.22,Fm,377.14,1411,/Users/suhaas/Music/ResisDance/converted_aiff/02 - frankydrama - Further.aiff,1
Pulse XIX,Peverelist,Pulse XIX,,2025,0.444444,125.33,Fm,492.14,2117,/Users/suhaas/Music/NewTDLs/Playlists  (Mostly In USB)/Weird Sleazy Obscure Dub/4. Peverelist - Pulse XIX.aiff,1
Club Afrodisa,D Stone,Resonant Dreams - EP,Tribal Club,2025,0.0,,Gm,,,/Users/suhaas/Music/NewTDLs/Playlists  (Mostly In USB)/Silent Disco/27. D Stone - Club Afrodisa.aiff,1
Gym Tonic,Bob Sinclar,Paradise,,1998,0.0,,G#,,,/Users/suhaas/Music/NewTDLs/Playlists  (Mostly In USB)/Silent Disco/29. Bob Sinclar - Gym Tonic.aiff,1
Kercha; Hypho - Stimulate.aiff,Kercha; Hypho,Absurd EP,140 / Deep Dubstep / Grime,,0.42856,120.85,D,246.99,2117,/Users/suhaas/Music/NewTDLs/Test/Kercha; Hypho - Stimulate.aiff,1
Salad Days,Mac DeMarco,Salad Days,,2014,0.597891,168.61,A,145.89,1411,/Users/suhaas/Music/NewTDLs/Playlists  (Mostly In USB)/Silent Disco/35. Mac DeMarco - Salad Days.aiff,1
Meat Queue,Joe Koshin,Meat Queue / Further,House,,0.461542,130.15,Fm,265.85,1411,/Users/suhaas/Music/ResisDance/converted_aiff/01 - Joe Koshin - Meat Queue.aiff,1
Transition,Fadi Mohem,Mohem 01,,2022,0.413798,116.69,F#m,315.0,1411,/Users/suhaas/Music/NewTDLs/Playlists  (Mostly In USB)/techno (deepdrivinghypnotic)/14. Fadi Mohem - Transition.aiff,1
DL UNDERGROUND,Dj ADHD,OPM008,Bass / Club,2024,0.434783,122.61,F#m,,,/Users/suhaas/Music/NewTDLs/Playlists  (Mostly In USB)/after hours bounce/02. Dj ADHD - DL UNDERGROUND.aiff,1
Different,Barry Can’t Swim,Different (SBTRKT Sirens Remix),,2025,0.0,,C#,,,/Users/suhaas/Music/NewTDLs/Playlists  (Mostly In USB)/Silent Disco/17. Barry Can’t Swim - Different.aiff,1
Motion Therapy,Baalti,Motion Therapy,Baalti,2025,0.413787,116.69,G#,239.79,2117,/Users/suhaas/Music/NewTDLs/Playlists  (Mostly In USB)/after hours bounce/03. Baalti - Motion Therapy.aiff,1
The Time Is Now,Sterac,Dekmantel Ten: A Decade of Dekmantel Festival,,2024,0.42254,119.16,G,356.71,1411,/Users/suhaas/Music/NewTDLs/Playlists  (Mostly In USB)/ETHEREAL AFTERHOURS/01. Sterac - The Time Is Now.aiff,1
It Matters,Insomniast,Ctrl,,2025,0.491803,138.69,A#m,350.0,1411,/Users/suhaas/Music/ResisDance/converted_aiff/04 - Insomniast - It Matters.aiff,1
Sprrrinter,DJ Sprinter,Sprrrinter,,2024,0.434785,122.61,F#m,184.4,1411,/Users/suhaas/Music/NewTDLs/Playlists  (Mostly In USB)/rugged breaks/2. DJ Sprinter - Sprrrinter.aiff,1
Rhythm Baby,Dam Swindle,Backyard Galaxy,,2025,0.48,135.36,Gm,384.9,1411,/Users/suhaas/Music/NewTDLs/Playlists  (Mostly In USB)/Silent Disco/22. Dam Swindle - Rhythm Baby.aiff,1
Bring It Down,Kenji Hina,Bring It Down,,2023,0.410964,115.89,G#,346.65,1411,/Users/suhaas/Music/NewTDLs/Playlists  (Mostly In USB)/techno (deepdrivinghypnotic)/02. Kenji Hina - Bring It Down.aiff,1
Stuck Trappin',Nic Baker,Push / Stuck Trappin',Footwork,2023,0.375,105.75,Gm,234.0,1411,/Users/suhaas/Music/NewTDLs/Playlists  (Mostly In USB)/after hours bounce/07. Nic Baker - Stuck Trappin'.aiff,1
WAKE TF UP,"BOX CAR, Monta",MONTA [COMP3],,2025,0.472438,133.23,E,117.17,1411,"/Users/suhaas/Music/NewTDLs/Playlists  (Mostly In USB)/ETHEREAL AFTERHOURS/05. BOX CAR, Monta - WAKE TF UP.aiff",1
Magnum Opus,Audio Units,Magnum Opus,,2025,0.42254,119.16,Am,390.43,1411,/Users/suhaas/Music/NewTDLs/Playlists  (Mostly In USB)/HARDGROOVE (AU)/09. Audio Units - Magnum Opus.aiff,1
Poison,Smokey Bubblin' B,Poison,,2021,0.0,,Bm,,,/Users/suhaas/Music/NewTDLs/Playlists  (Mostly In USB)/Silent Disco/21. Smokey Bubblin' B - Poison.aiff,1
Comin at Cha,Dance System,Can't Stop,,2019,0.461531,130.15,Gm,445.39,1411,/Users/suhaas/Music/NewTDLs/Playlists  (Mostly In USB)/Silent Disco/07. Dance System - Comin at Cha.aiff,1
Frank Lotion,Connor Wall,Reduction,,2025,0.437959,123.5,Gm,310.07,2117,/Users/suhaas/Music/NewTDLs/Playlists  (Mostly In USB)/HARDGROOVE (AU)/18. Connor Wall - Frank Lotion.aiff,1
Living In The Future,Dawes,Passwords,,2018,0.471111,132.85,Bm,290.76,1411,/Users/suhaas/Music/NewTDLs/Playlists  (Mostly In USB)/peak time hypnotic electro/4. Dawes - Living In The Future.aiff,1
Break It Down,"Prunk, RED 87",Express EP,,2025,0.472438,133.23,Dm,181.33,1411,"/Users/suhaas/Music/NewTDLs/Playlists  (Mostly In USB)/Silent Disco/25. Prunk, RED 87 - Break It Down.aiff",1
U Lyk My Style,Stacy N.K.R,U Lyk My Style,,2024,0.48,135.36,F#m,172.5,2117,/Users/suhaas/Music/NewTDLs/Playlists  (Mostly In USB)/Silent Disco/28. Stacy N.K.R - U Lyk My Style.aiff,1
La vaina (Original Mix),Z@p,Always Waiting,Tech House,2011,0.468753,132.19,C,442.5,1411,/Users/suhaas/Music/NewTDLs/Playlists  (Mostly In USB)/traumer style rominz/15. Z@p - La vaina (Original Mix).aiff,1
Echoes of the Tribe,Clotur,Echoes and Reflections,,2025,0.434785,122.61,G#m,321.79,1411,/Users/suhaas/Music/NewTDLs/Playlists  (Mostly In USB)/HARDGROOVE (AU)/06. Clotur - Echoes of the Tribe.aiff,1
Rasputin,"Majestic, Boney M.",Rasputin,,2021,0.0,,Bm,,,"/Users/suhaas/Music/NewTDLs/Playlists  (Mostly In USB)/Silent Disco/34. Majestic, Boney M - Rasputin.aiff",1
Pure Glide,Liquid Overdose,Pure Glide,,2016,0.434785,122.61,Ebm,398.75,1411,/Users/suhaas/Music/NewTDLs/Playlists  (Mostly In USB)/techno (deepdrivinghypnotic)/12. Liquid Overdose - Pure Glide.aiff,1
U (Speed Mix),t e s t p r e s s,U (Speed Mix),Dance,2024,0.4,112.8,F#m,182.42,2117,/Users/suhaas/Music/NewTDLs/Playlists  (Mostly In USB)/after hours bounce/09. t e s t p r e s s - U (Speed Mix).aiff,1
Morvec Paradox,Audio Units,Magnum Opus,,2025,0.428571,120.86,Em,325.71,1411,/Users/suhaas/Music/NewTDLs/Playlists  (Mostly In USB)/HARDGROOVE (AU)/02. Audio Units - Morvec Paradox.aiff,1
Introspection,Daniel Akbar,Reflection,House,2019,0.48,135.36,C#m,400.26,1411,/Users/suhaas/Music/NewTDLs/Playlists  (Mostly In USB)/traumer style rominz/06. Daniel Akbar - Introspection.aiff,1
Zuuuh,"Amor Satyr, Toma Kami",Pure Static,RAVE,2025,0.374989,105.75,G#m,221.45,2117,"/Users/suhaas/Music/NewTDLs/Playlists  (Mostly In USB)/after hours bounce/17. Amor Satyr, Toma Kami - Zuuuh.aiff",1
Acompañado (Original Mix),Arapu,Acompañado,Tech House,2021,0.472438,133.23,Am,804.61,1411,/Users/suhaas/Music/NewTDLs/Playlists  (Mostly In USB)/traumer style rominz/09. Arapu - Acompañado (Original Mix).aiff,1
Time As Weapon,"Ebass, BLURXP",IRIS,,2024,0.42254,119.16,Dm,329.58,1411,"/Users/suhaas/Music/NewTDLs/Playlists  (Mostly In USB)/HARDGROOVE (AU)/08. Ebass, BLURXP - Time As Weapon.aiff",1
Blinded by Success,AgainstMe,Blinded by Success EP,,2025,0.42254,119.16,Am,299.15,2117,/Users/suhaas/Music/NewTDLs/Playlists  (Mostly In USB)/HARDGROOVE (AU)/10. AgainstMe - Blinded by Success.aiff,1
Tripwire (Original Mix),Luar,The Locked Room,,2025,0.42254,119.16,F,331.3,1411,/Users/suhaas/Music/NewTDLs/Playlists  (Mostly In USB)/HARDGROOVE (AU)/15. Luar - Tripwire (Original Mix).aiff,1
Disposer,"Per Hammar, Malin Génie",Skull EP,House,2019,0.468753,132.19,A#m,512.44,1411,"/Users/suhaas/Music/NewTDLs/Playlists  (Mostly In USB)/traumer style rominz/03. Per Hammar, Malin Génie - Disposer.aiff",1
Seductive Sequence,Theo Nasa,Sexy Rhythms EP,,2025,0.413798,116.69,G#,354.21,1411,/Users/suhaas/Music/NewTDLs/Playlists  (Mostly In USB)/techno (deepdrivinghypnotic)/16. Theo Nasa - Seductive Sequence.aiff,1
Pambele,Vagabundo Club Social,Pambele,,2019,0.491803,138.69,Cm,378.0,1411,/Users/suhaas/Music/NewTDLs/Playlists  (Mostly In USB)/Silent Disco/15. Vagabundo Club Social - Pambele.aiff,1
Contour,"Heiko Laux, Joel Mull",Centipede,,2019,0.0,,C#m,,,"/Users/suhaas/Music/NewTDLs/Playlists  (Mostly In USB)/techno (deepdrivinghypnotic)/07. Heiko Laux, Joel Mull - Contour.aiff",1
Diamond,"Franky Rizardo, KiRiK",Diamond,,2022,0.468753,132.19,Dm,487.5,1411,"/Users/suhaas/Music/NewTDLs/Playlists  (Mostly In USB)/Silent Disco/04. Franky Rizardo, KiRiK - Diamond.aiff",1
Fail Better (Original Mix),Tini,Tessa,,2011,0.4878,137.56,Ebm,309.66,1411,/Users/suhaas/Music/NewTDLs/Playlists  (Mostly In USB)/traumer style rominz/01. Tini - Fail Better (Original Mix).aiff,1
Branchbrook Park,James Bangura,Branchbrook Park,,2025,0.0,,C#,,,/Users/suhaas/Music/NewTDLs/Playlists  (Mostly In USB)/Silent Disco/30. James Bangura - Branchbrook Park.aiff,1
Earthquake (feat. Tala),Nic Baker,Earthquake / Locomotive,,2023,0.461542,130.15,Cm,297.23,1411,/Users/suhaas/Music/NewTDLs/Playlists  (Mostly In USB)/peak time hypnotic electro/3. Nic Baker - Earthquake (feat. Tala).aiff,1
That's Right (Original Mix),Tini,Desolat X-Sampler,House,2009,0.483866,136.45,F,435.0,1411,/Users/suhaas/Music/NewTDLs/Playlists  (Mostly In USB)/traumer style rominz/02. Tini - That's Right (Original Mix).aiff,1
Cool Vibration,"Midas Field, Fyza",Cool Vibration,,2025,0.468753,132.19,Am,190.14,2117,"/Users/suhaas/Music/NewTDLs/Playlists  (Mostly In USB)/Silent Disco/31. Midas Field, Fyza - Cool Vibration.aiff",1
Intent (Original Mix),Jacobworld,Essential Memories EP Part V,,2024,0.42254,119.16,F,381.97,1411,/Users/suhaas/Music/NewTDLs/Playlists  (Mostly In USB)/HARDGROOVE (AU)/23. Jacobworld - Intent (Original Mix).aiff,1
Misty Glow (Portway Remix),440 Hz,Transient,Faux,2025,0.4225,119.14,F#m,324.0,1411,/Users/suhaas/Music/NewTDLs/Playlists  (Mostly In USB)/after hours bounce/16. 440 Hz - Misty Glow (Portway Remix).aiff,1
Blue So Shady,"KiRiK, Brad Brunner",808 Flex EP,,2023,0.0,,G#m,,,"/Users/suhaas/Music/NewTDLs/Playlists  (Mostly In USB)/Silent Disco/05. KiRiK, Brad Brunner - Blue So Shady.aiff",1
Break Of Dawn,Rhythm On The Loose,Break of Dawn EP,,2021,0.0,,Am,,,/Users/suhaas/Music/NewTDLs/Playlists  (Mostly In USB)/Silent Disco/08. Rhythm On The Loose - Break Of Dawn.aiff,1
Bad Boy,"Marcel Dettmann, Ben Klock",Phantom Studies,Techno,2017,0.0,,G#,,,"/Users/suhaas/Music/NewTDLs/Playlists  (Mostly In USB)/techno (deepdrivinghypnotic)/05. Marcel Dettmann, Ben Klock - Bad Boy.aiff",1
Neuroresonance,"Kohra, Monophonik",Eastern Timbres,Hypnotic (Peak / Dark),2025,0.0,,F#,,,"/Users/suhaas/Music/NewTDLs/Playlists  (Mostly In USB)/after hours bounce/15. Kohra, Monophonik - Neuroresonance.aiff",1
State of Mind (Thomsen 98 Mix),Exos,Sweet Dreams,,2025,0.425533,120.0,Dm,335.05,2117,/Users/suhaas/Music/NewTDLs/Playlists  (Mostly In USB)/ETHEREAL AFTERHOURS/07. Exos - State of Mind (Thomsen 98 Mix).aiff,1
Slight Munch,"Heiko Laux, Joel Mull",Dcltd.01-22,,2021,0.472438,133.23,Fm,453.54,1411,"/Users/suhaas/Music/NewTDLs/Playlists  (Mostly In USB)/techno (deepdrivinghypnotic)/08. Heiko Laux, Joel Mull - Slight Munch.aiff",1
Echoes in Blue,Answer Code Request,The Sound of Kokölò 2025,,2025,0.461542,130.15,Dm,402.46,2117,/Users/suhaas/Music/NewTDLs/Playlists  (Mostly In USB)/ETHEREAL AFTERHOURS/06. Answer Code Request - Echoes in Blue.aiff,1
Kotika Nga Te (Disco Edit),Unnayanaa,Kotika Nga Te,,2024,0.0,,C,,,/Users/suhaas/Music/NewTDLs/Playlists  (Mostly In USB)/Silent Disco/13. Unnayanaa - Kotika Nga Te (Disco Edit).aiff,1
The Sweat And The Salt,Oscar Mulero,The Stranger,,2024,0.428571,120.86,A#m,305.27,1411,/Users/suhaas/Music/NewTDLs/Playlists  (Mostly In USB)/HARDGROOVE (AU)/21. Oscar Mulero - The Sweat And The Salt.aiff,1
Head Up (Tribute Mix),Pontchartrain,Motor City Memories,,2019,0.483866,136.45,Fm,572.9,1411,/Users/suhaas/Music/NewTDLs/Playlists  (Mostly In USB)/Silent Disco/09. Pontchartrain - Head Up (Tribute Mix).aiff,1
Polymorphism 1,Alexander Johansson,Polymorphism,,2021,0.454546,128.18,G#m,380.71,1411,/Users/suhaas/Music/NewTDLs/Playlists  (Mostly In USB)/HARDGROOVE (AU)/11. Alexander Johansson - Polymorphism 1.aiff,1
37 - Photonz - Emerald City (Almaty Remix),Photonz,Gennaro,"Electro, Acid",2018,0.451122,127.22,Fm,296.86,1411,/Users/suhaas/Music/ResisDance/converted_aiff/37 - Photonz - Emerald City (Almaty Remix).aiff,1
Personal Request,"Lake Hills, Frythm",Across the Room,,2024,0.41958,118.32,Cm,382.66,1411,"/Users/suhaas/Music/NewTDLs/Playlists  (Mostly In USB)/ETHEREAL AFTERHOURS/09. Lake Hills, Frythm - Personal Request.aiff",1
03 - Jorge Caiado - Mad Chords (Original Mix),Unknown Artist,Profecia,,2002,0.461542,130.15,G#m,326.63,1411,/Users/suhaas/Music/ResisDance/converted_aiff/03 - Jorge Caiado - Mad Chords (Original Mix).aiff,1
Modern Dialect (Original Mix),Rich NXT,Modern Dialect EP,Tech House,2020,0.472438,133.23,Am,461.1,1411,/Users/suhaas/Music/NewTDLs/Playlists  (Mostly In USB)/traumer style rominz/04. Rich NXT - Modern Dialect (Original Mix).aiff,1
Dr Feel Right (feat. The Egyptian Lover & Rome Fortune),"Josh Baker, The Egyptian Lover, Rome Fortune",Dr Feel Right (feat. The Egyptian Lover & Rome Fortune),,2025,0.468764,132.19,A#m,146.95,2117,"/Users/suhaas/Music/NewTDLs/Playlists  (Mostly In USB)/Silent Disco/20. Josh Baker, The Egyptian Lover, Rome Fortune - Dr Feel Right (feat. The Egyptian Lover & Rome Fortune).aiff",1
Electromagnetic Field,not even noticed,Microtransitions EP,,2023,0.428571,120.86,Fm,387.96,2117,/Users/suhaas/Music/NewTDLs/Playlists  (Mostly In USB)/ETHEREAL AFTERHOURS/03. not even noticed - Electromagnetic Field.aiff,1
Astral Oscillator,Giuliana Mastramonio,ALBUM GMA001,,2025,0.461542,130.15,Em,118.15,1411,/Users/suhaas/Music/NewTDLs/Playlists  (Mostly In USB)/Weird Sleazy Obscure Dub/1. Giuliana Mastramonio - Astral Oscillator.aiff,1
Sun Never Rose (Vishal Unni Remix),Soop,Shadow Man,,2024,0.375,105.75,F#m,342.0,1411,/Users/suhaas/Music/NewTDLs/Playlists  (Mostly In USB)/ETHEREAL AFTERHOURS/11. Soop - Sun Never Rose (Vishal Unni Remix).aiff,1
A Friend Of A Friend,"Ben Klock, Etapp Kyle",Ostgut Ton Fünfzehn + 1,,2021,0.41958,118.32,Dm,369.32,1411,"/Users/suhaas/Music/NewTDLs/Playlists  (Mostly In USB)/techno (deepdrivinghypnotic)/06. Ben Klock, Etapp Kyle - A Friend Of A Friend.aiff",1
Love Inna Basement (Midnite XTC),Dj Bogdan,Love Inna Basement,,2022,0.454535,128.18,Cm,351.6,1411,/Users/suhaas/Music/NewTDLs/Playlists  (Mostly In USB)/rugged breaks/4. Dj Bogdan - Love Inna Basement (Midnite XTC).aiff,1
Girls Only Want 1 Thing and It's Music!,Ciel,UU003,,2023,0.444456,125.34,Em,242.06,1411,/Users/suhaas/Music/NewTDLs/Playlists  (Mostly In USB)/Weird Sleazy Obscure Dub/3. Ciel - Girls Only Want 1 Thing and It's Music!.aiff,1
Nu Te Supara Frate (Original Mix),Mihai Pol,Ideas,Minimal / Deep Tech,2015,0.483866,136.45,G#,604.0,1411,/Users/suhaas/Music/NewTDLs/Playlists  (Mostly In USB)/traumer style rominz/08. Mihai Pol - Nu Te Supara Frate (Original Mix).aiff,1
Nindjougou (Unnayanaa Remix),Madou Kouyate,Nindjougou,,2019,0.0,,C#m,,,/Users/suhaas/Music/NewTDLs/Playlists  (Mostly In USB)/Silent Disco/12. Madou Kouyate - Nindjougou (Unnayanaa Remix).aiff,1
Huguk,"Cristi Cons, Vlad Caia, Raresh, Verico",Numiris,Minimal / Deep Tech,2025,0.47619,134.29,Em,712.23,1411,"/Users/suhaas/Music/NewTDLs/Playlists  (Mostly In USB)/traumer style rominz/07. Cristi Cons, Vlad Caia, Raresh, Verico - Huguk.aiff",1
Hebele Hubulu (Zuma Dionys Remix),Omerar Nanda,Hebele Hubulu,,2019,0.6,169.2,Bm,408.0,1411,/Users/suhaas/Music/NewTDLs/Playlists  (Mostly In USB)/HARDGROOVE (AU)/16. Omerar Nanda - Hebele Hubulu (Zuma Dionys Remix).aiff,1
Play Me Off (feat. LYMA),"Kyle Walker, FLETCH, Lyma",Play Me Off (feat. LYMA),,2025,0.0,,A#m,,,"/Users/suhaas/Music/NewTDLs/Playlists  (Mostly In USB)/Silent Disco/26. Kyle Walker, FLETCH, Lyma - Play Me Off (feat. LYMA).aiff",1
Infinite Content Loop (Zed Bias 4x4 Mix),Plastician,Infinite Content Loop,Bass / Club,2025,0.454546,128.18,Bm,264.77,1411,/Users/suhaas/Music/NewTDLs/Playlists  (Mostly In USB)/after hours bounce/10. Plastician - Infinite Content Loop (Zed Bias 4x4 Mix).aiff,1
Song for a Friend (feat. Cropper),Byron the Aquarius,Leaving This Planet,,2017,0.0,,G#m,,,/Users/suhaas/Music/NewTDLs/Playlists  (Mostly In USB)/Silent Disco/06. Byron the Aquarius - Song for a Friend (feat. Cropper).aiff,1
